–î–∞—Ç–∞ –ø—Ä–æ—Ö–æ–∂–¥–µ–Ω–∏—è,–†–µ—Å–ø–æ–Ω–¥–µ–Ω—Ç,"–Ø –∑–Ω–∞—é, —á–µ–≥–æ –æ—Ç –º–µ–Ω—è –æ–∂–∏–¥–∞–µ—Ç –∫–æ–º–ø–∞–Ω–∏—è",–ú–æ–π —Ä—É–∫–æ–≤–æ–¥–∏—Ç–µ–ª—å —Å—Ç–∞–≤–∏—Ç —á–µ—Ç–∫–∏–µ —Ü–µ–ª–∏ –¥–ª—è –Ω–∞—à–µ–π –∫–æ–º–∞–Ω–¥—ã,"–Ø –≤–∏–∂—É –ø—Ä—è–º—É—é —Å–≤—è–∑—å –º–µ–∂–¥—É —Ç–µ–º, —á—Ç–æ —è –¥–µ–ª–∞—é –∏ —É—Å–ø–µ—Ö–∞–º–∏ –∫–æ–º–ø–∞–Ω–∏–∏","–í –∫–æ–º–ø–∞–Ω–∏–∏ –µ—Å—Ç—å —Ç–æ—Ç, –∫—Ç–æ –ø–æ–º–æ–≥–∞–µ—Ç –º–Ω–µ —Ä–∞–∑–≤–∏–≤–∞—Ç—å—Å—è –ø—Ä–æ—Ñ–µ—Å—Å–∏–æ–Ω–∞–ª—å–Ω–æ","–ú–æ–π —Ä—É–∫–æ–≤–æ–¥–∏—Ç–µ–ª—å –¥–∞–µ—Ç –º–Ω–µ –æ–±—Ä–∞—Ç–Ω—É—é —Å–≤—è–∑—å, –∫–æ—Ç–æ—Ä–∞—è –ø–æ–º–æ–≥–∞–µ—Ç —É–ª—É—á—à–∏—Ç—å –º–æ—é —Ä–∞–±–æ—Ç—É","–Ø –∑–Ω–∞—é, –∫–∞–∫ –ø—Ä–æ–π—Ç–∏ –æ–±—É—á–µ–Ω–∏–µ –∏ —Å –∫–µ–º –≤ –∫–æ–º–ø–∞–Ω–∏–∏ –º–æ–∂–Ω–æ –µ–≥–æ –æ–±—Å—É–¥–∏—Ç—å",–í –∫–æ–º–ø–∞–Ω–∏–∏ –µ—Å—Ç—å –≤–æ–∑–º–æ–∂–Ω–æ—Å—Ç–∏ –¥–ª—è –º–æ–µ–≥–æ —Ä–æ—Å—Ç–∞ –∏ —Ä–∞–∑–≤–∏—Ç–∏—è,–ö–æ–º–ø–∞–Ω–∏—è –ø—Ä–µ–¥–æ—Å—Ç–∞–≤–ª—è–µ—Ç –º–Ω–µ –≤—Å–µ –Ω–µ–æ–±—Ö–æ–¥–∏–º—ã–µ —Ä–µ—Å—É—Ä—Å—ã –¥–ª—è —Ä–∞–±–æ—Ç—ã,–ú–µ–Ω—è —É—Å—Ç—Ä–∞–∏–≤–∞–µ—Ç –º–æ–π –∫–æ–º–ø—å—é—Ç–µ—Ä –∏ –æ—Å—Ç–∞–ª—å–Ω–∞—è —Ä–∞–±–æ—á–∞—è —Ç–µ—Ö–Ω–∏–∫–∞,"–ï—Å–ª–∏ –≤ —Ä–∞–±–æ—Ç–µ —á—Ç–æ-—Ç–æ –∏–¥–µ—Ç –Ω–µ –ø–æ –ø–ª–∞–Ω—É, —è –≤—Å–µ–≥–¥–∞ –∑–Ω–∞—é, –∫–æ–≥–æ –ø–æ–ø—Ä–æ—Å–∏—Ç—å –æ –ø–æ–º–æ—â–∏",–ú–æ–π —Ä—É–∫–æ–≤–æ–¥–∏—Ç–µ–ª—å —Ä–µ–≥—É–ª—è—Ä–Ω–æ –¥–µ–ª–∏—Ç—Å—è —Å–æ –º–Ω–æ–π –∞–∫—Ç—É–∞–ª—å–Ω–æ–π –∏–Ω—Ñ–æ—Ä–º–∞—Ü–∏–µ–π –æ —Ü–µ–ª—è—Ö –∫–æ–º–ø–∞–Ω–∏–∏,"–Ø –ø–æ–Ω–∏–º–∞—é, –∫—É–¥–∞ –¥–≤–∏–∂–µ—Ç—Å—è –∫–æ–º–ø–∞–Ω–∏—è –∏ –∫–∞–∫ –æ–Ω–∞ –ø–ª–∞–Ω–∏—Ä—É–µ—Ç —Ä–∞–∑–≤–∏–≤–∞—Ç—å—Å—è",–Ø —É–∑–Ω–∞—é –Ω–æ–≤–æ—Å—Ç–∏ –æ –∏–∑–º–µ–Ω–µ–Ω–∏—è—Ö –≤ –∫–æ–º–ø–∞–Ω–∏–∏ –≤–æ–≤—Ä–µ–º—è,"–Ø –∑–Ω–∞—é, –∫–∞–∫–∏–µ —Ä–æ–ª–∏ —É —Ä–µ–±—è—Ç –≤ –¥—Ä—É–≥–∏—Ö –∫–æ–º–∞–Ω–¥–∞—Ö –∏ –∫–∞–∫–∏–º–∏ –Ω–∞–≤—ã–∫–∞–º–∏ –æ–Ω–∏ –æ–±–ª–∞–¥–∞—é—Ç","–ï—Å–ª–∏ —è –∑–∞—Ö–æ—á—É –Ω–∞–π—Ç–∏ –≤ –∫–æ–º–ø–∞–Ω–∏–∏ —ç–∫—Å–ø–µ—Ä—Ç–∞ –≤ –∫–∞–∫–æ–π-—Ç–æ –æ–±–ª–∞—Å—Ç–∏, —Ç–æ –ª–µ–≥–∫–æ —ç—Ç–æ —Å–¥–µ–ª–∞—é, –¥–∞–∂–µ –Ω–µ –∑–Ω–∞—è –µ–≥–æ –∏–º–µ–Ω–∏",–Ø –æ–±—â–∞—é—Å—å —Å –∫–æ–ª–ª–µ–≥–∞–º–∏ –∑–∞ –ø—Ä–µ–¥–µ–ª–∞–º–∏ —Å–≤–æ–µ–π –∫–æ–º–∞–Ω–¥—ã –∏/–∏–ª–∏ —Ä–∞–±–æ—á–µ–π –≥—Ä—É–ø–ø—ã,–£ –º–µ–Ω—è –Ω–∞ —Ä–∞–±–æ—Ç–µ –µ—Å—Ç—å –¥—Ä—É–≥,–í –±–æ–ª—å—à–∏–Ω—Å—Ç–≤–µ —Å–ª—É—á–∞–µ–≤ –º–æ–∏ –∫–æ–ª–ª–µ–≥–∏ –∫–∞—á–µ—Å—Ç–≤–µ–Ω–Ω–æ –≤—ã–ø–æ–ª–Ω—è—é—Ç —Å–≤–æ—é —Ä–∞–±–æ—Ç—É,–ö–æ–ª–ª–µ–≥–∏ –≤—Å–µ–≥–¥–∞ –æ–ø–µ—Ä–∞—Ç–∏–≤–Ω–æ —Ä–µ–∞–≥–∏—Ä—É—é—Ç –Ω–∞ –º–æ–∏ —Å–æ–æ–±—â–µ–Ω–∏—è –∏ –Ω–µ –ø—Ä–æ–ø—É—Å–∫–∞—é—Ç –∏—Ö,–Ø –Ω–∏–∫–æ–≥–¥–∞ –Ω–µ –ø—Ä–æ–ø—É—Å–∫–∞—é —Å–æ–æ–±—â–µ–Ω–∏—è –æ—Ç –∫–æ–ª–ª–µ–≥ –∏–ª–∏ —Ä—É–∫–æ–≤–æ–¥–∏—Ç–µ–ª—è,"–Ø –≤—Å–µ–≥–¥–∞ –∑–Ω–∞—é, –≤ –∫–∞–∫–æ–π —á–∞—Ç –º–Ω–µ –Ω–∞–ø–∏—Å–∞—Ç—å —Å –≤–æ–ø—Ä–æ—Å–æ–º –∏–ª–∏ –ø—Ä–µ–¥–ª–æ–∂–µ–Ω–∏–µ–º",–ú–µ–Ω—è –Ω–∏–∫–æ–≥–¥–∞ –Ω–µ –∑–∞–±—ã–≤–∞–ª–∏ –¥–æ–±–∞–≤–∏—Ç—å –≤ –Ω—É–∂–Ω—ã–π —Ä–∞–±–æ—á–∏–π —á–∞—Ç,–Ø –≥–æ—Ç–æ–≤ —Ä–µ–∫–æ–º–µ–Ω–¥–æ–≤–∞—Ç—å –Ω–∞—à—É –∫–æ–º–ø–∞–Ω–∏—é —Å–≤–æ–∏–º –¥—Ä—É–∑—å—è–º –∏ –∑–Ω–∞–∫–æ–º—ã–º,–ö–∞–∫–∏–µ –∏–∑–º–µ–Ω–µ–Ω–∏—è –∑–∞ –ø–æ—Å–ª–µ–¥–Ω–∏–π –≥–æ–¥ —Ç–µ–±—è –ø–æ—Ä–∞–¥–æ–≤–∞–ª–∏?,–ß—Ç–æ —Ç–µ–±–µ –Ω—Ä–∞–≤–∏—Ç—Å—è –≤ –∫–æ–º–ø–∞–Ω–∏–∏ –º–µ–Ω—å—à–µ –≤—Å–µ–≥–æ?,"–ï—Å—Ç—å –ª–∏ –≤ –∫–æ–º–ø–∞–Ω–∏–∏ —á—Ç–æ-—Ç–æ, —á—Ç–æ —Ç–æ—Ä–º–æ–∑–∏—Ç —Ç–≤–æ—é —Ä–∞–±–æ—Ç—É?",–û—Å—Ç–∞–≤—å –ª—é–±–æ–π –∫–æ–º–º–µ–Ω—Ç–∞—Ä–∏–π –∏ –º—ã –µ–≥–æ –ø—Ä–æ—á–∏—Ç–∞–µ–º :)
2022-12-05 22:45:45,–†–µ—Å–ø–æ–Ω–¥–µ–Ω—Ç 169,–î–∞,–î–∞,–î–∞,–î–∞,–î–∞,–î–∞,–î–∞,–î–∞,–î–∞,–î–∞,–î–∞,–ù–µ—Ç,–î–∞,–î–∞,–î–∞,–î–∞,–î–∞,–î–∞,–î–∞,–î–∞,–î–∞,–î–∞,–î–∞,,–¥—É—Ö —Å—Ç–∞—Ä—Ç–∞–ø–∞ –∏ –≤–æ–≤–ª–µ—á–µ–Ω–Ω–æ—Å—Ç—å —Å–æ—Ç—Ä—É–¥–Ω–∏–∫–æ–≤,,
2022-11-30 16:48:28,–†–µ—Å–ø–æ–Ω–¥–µ–Ω—Ç 1,–î–∞,–î–∞,–î–∞,–î–∞,–î–∞,–î–∞,–î–∞,–î–∞,–î–∞,–î–∞,–î–∞,–î–∞,–î–∞,–î–∞,–î–∞,–î–∞,–î–∞,–î–∞,–î–∞,–ù–µ—Ç,–ù–µ—Ç,–ù–µ—Ç,–ù–µ—Ç,,,,
2022-11-30 17:23:01,–†–µ—Å–ø–æ–Ω–¥–µ–Ω—Ç 74,–ù–µ—Ç,–î–∞,–î–∞,–î–∞,–ù–µ—Ç,–ù–µ—Ç,–î–∞,–î–∞,–î–∞,–î–∞,–ù–µ—Ç,–ù–µ—Ç,–î–∞,–ù–µ—Ç,–î–∞,–ù–µ—Ç,–ù–µ—Ç,–î–∞,–î–∞,–î–∞,–î–∞,–î–∞,–î–∞," –Ø —Ç—É—Ç –≤—Å–µ–≥–æ –º–µ—Å—è—Ü, –ø–æ—ç—Ç–æ–º—É –ø–æ—Ä–∞–¥–æ–≤–∞–ª–æ –ø–æ–∫–∞ —Ç–æ–ª—å–∫–æ —Ç–æ, —á—Ç–æ –¥–æ–±–∞–≤–∏–ª–∏ —Å–ø–µ—Ü–∏–∞–ª—å–Ω—ã–µ –Ω–∞—Å–∞–¥–∫–∏ –Ω–∞ –±—É—Ç—ã–ª–∫–∏ —Å —Å–∏—Ä–æ–ø–æ–º –∏ —Ç–µ–ø–µ—Ä—å –Ω–µ –Ω—É–∂–Ω–æ –±—Ä–∞—Ç—å –∏—Ö —Ä—É–∫–∞–º–∏)",–û—Ç—Å—É—Ç—Å—Ç–≤–∏–µ –î–ú–° –≤–Ω–µ –ú–æ—Å–∫–≤—ã,–¢–æ–ª—å–∫–æ –º–æ—è —Ç–µ–∫—É—â–∞—è –∫–≤–∞–ª–∏—Ñ–∏–∫–∞—Ü–∏—è,
2022-12-01 10:39:56,–†–µ—Å–ø–æ–Ω–¥–µ–Ω—Ç 97,–î–∞,–î–∞,–î–∞,–î–∞,–î–∞,–î–∞,–î–∞,–î–∞,–î–∞,–î–∞,–î–∞,–î–∞,–î–∞,–ù–µ—Ç,–î–∞,–î–∞,–î–∞,–î–∞,–î–∞,–î–∞,–î–∞,–î–∞,–î–∞,"–ë—ã—Å—Ç—Ä–∞—è –ø–æ–º–æ—â—å –æ—Ç –∫–æ–ª–ª–µ–≥, –æ–ø–µ—Ä–∞—Ç–∏–≤–Ω–æ—Å—Ç—å –≤ —Ä–∞–∑–ª–∏—á–Ω—ã—Ö –≤–æ–ø—Ä–æ—Å–∞—Ö",,–Ω–µ—Ç,–ö—Ä—É—Ç–∞—è –ø–æ–¥–¥–µ—Ä–∂–∫–∞ –≤ –∫–æ–º–ø–∞–Ω–∏–∏. 
2022-11-30 16:53:35,–†–µ—Å–ø–æ–Ω–¥–µ–Ω—Ç 58,–î–∞,–î–∞,–î–∞,–î–∞,–î–∞,–ù–µ—Ç,–î–∞,–î–∞,–î–∞,–î–∞,–î–∞,–î–∞,–î–∞,–î–∞,–î–∞,–ù–µ—Ç,–ù–µ—Ç,–î–∞,–î–∞,–î–∞,–î–∞,–ù–µ—Ç,–î–∞,"–∏–Ω–¥–µ–∫—Å–∞—Ü–∏—è –∑/–ø, –î–ú–°, –ø–µ—Ä–µ–µ–∑–¥ –≤ –Ω–æ–≤—ã–π –æ—Ñ–∏—Å",,,
2022-12-02 18:04:42,–†–µ—Å–ø–æ–Ω–¥–µ–Ω—Ç 70,–î–∞,–î–∞,–î–∞,–î–∞,–î–∞,–ù–µ—Ç,–î–∞,–î–∞,–î–∞,–î–∞,–î–∞,–î–∞,–î–∞,–ù–µ—Ç,–ù–µ—Ç,–î–∞,–î–∞,–î–∞,–î–∞,–î–∞,–ù–µ—Ç,–ù–µ—Ç,–î–∞,"–ü–æ—è–≤–ª–µ–Ω–∏–µ –î–ú–°, –ø–æ—è–≤–ª–µ–Ω–∏–µ –ø–æ–Ω–∏–º–∞–Ω–∏—è –∫–æ–ª–∏—á–µ—Å—Ç–≤–∞ –∏ –≤–æ–∑–º–æ–∂–Ω–æ—Å—Ç–µ–π Dayoff-–æ–≤ (—ç—Ç–æ –∂–µ —ç—Ç–æ—Ç –≥–æ–¥?)",–û—Ç—Å—Ç—É—Å—Ç–≤–∏–µ –±–æ–ª—å—à–∏—Ö —Å–µ—Ç–µ–π –≤ –î–ú–°. –û—Ç—Å—É—Ç—Å—Ç–≤–∏–µ –∫—É—Ä–∏—Ç–µ–ª—å–Ω–æ–π –∫–∞–±–∏–Ω—ã.,–ù–µ—Ç.,
2022-11-30 18:50:40,–†–µ—Å–ø–æ–Ω–¥–µ–Ω—Ç 14,–î–∞,–î–∞,–î–∞,–î–∞,–î–∞,–î–∞,–î–∞,–ù–µ—Ç,–ù–µ—Ç,–î–∞,–î–∞,–î–∞,–î–∞,–î–∞,–î–∞,–î–∞,–î–∞,–î–∞,–î–∞,–î–∞,–î–∞,–î–∞,–î–∞,"–ü–æ–≤—ã—à–µ–Ω–∏–µ –∑–∞—Ä–ø–ª–∞—Ç—ã, 100% –ø—Ä–æ–º–æ–∫–æ–¥ –Ω–∞ —Å–µ—Å—Å–∏–∏ –≤ –Ø—Å–Ω–æ, –∏–∑–º–µ–Ω–µ–Ω–∏–µ –Ω–µ–∫–æ—Ç–æ—Ä—ã—Ö —Ä–∞–±–æ—á–∏—Ö –º–µ—Ö–∞–Ω–∏–∫ –∑–∞ —Å—á–µ—Ç —Å–æ–∑–¥–∞–Ω–∏—è workspace, —Å—Ç–∞–ª–æ –æ—á–µ–Ω—å —É–¥–æ–±–Ω–æ. ","–ö–∞–∫ —Å–æ—Ç—Ä—É–¥–Ω–∏–∫—É —É–¥–∞–ª–µ–Ω–∫–∏ - –Ω–µ —Ö–≤–∞—Ç–∞–µ—Ç –æ—á–Ω–æ–≥–æ –æ–±—â–µ–Ω–∏—è —Å –∫–æ–ª–ª–µ–≥–∞–º–∏, –∫–æ—Ä–ø–æ—Ä–∞—Ç–∏–≤–æ–≤. ","–í –≥–æ–ª–æ–≤—É –Ω–∏—á–µ–≥–æ –Ω–µ –ø—Ä–∏—Ö–æ–¥–∏—Ç. –í–µ—Ä–æ—è—Ç–Ω–æ, –Ω–µ—Ç —Ç–∞–∫–∏—Ö —Ñ–∞–∫—Ç–æ—Ä–æ–≤)","–û—á–µ–Ω—å —Ä–∞–¥–∞ —Ä–∞–±–æ—Ç–∞—Ç—å –≤ –ö–∞–º–µ, –∫–æ–≥–¥–∞ –æ—á–µ–Ω—å –≥—Ä—É—Å—Ç–Ω–æ, —è –≤—Å–ø–æ–º–∏–Ω–∞—é, —á—Ç–æ —É –º–µ–Ω—è –µ—Å—Ç—å –ø—Ä–µ–∫—Ä–∞—Å–Ω–∞—è —Ä–∞–±–æ—Ç–∞, –∫–æ—Ç–æ—Ä–∞—è –¥–µ–π—Å—Ç–≤–∏—Ç–µ–ª—å–Ω–æ —Ä–∞–¥—É–µ—Ç. –ò –∑–∞–º–µ—á–∞—Ç–µ–ª—å–Ω—ã–µ –∫–æ–ª–ª–µ–≥–∏, —Å –∫–æ—Ç–æ—Ä—ã–º–∏ –º–æ–∂–Ω–æ –ø–æ–æ–±—â–∞—Ç—å—Å—è –Ω–µ —Ç–æ–ª—å–∫–æ –Ω–∞ —Ä–∞–±–æ—á–∏–µ —Ç–µ–º—ã. –ö–∞–º–∞ one love <3"
2022-12-01 10:42:59,–†–µ—Å–ø–æ–Ω–¥–µ–Ω—Ç 82,–î–∞,–î–∞,–î–∞,–î–∞,–ù–µ—Ç,–ù–µ—Ç,–î–∞,–î–∞,–î–∞,–î–∞,–î–∞,–î–∞,–î–∞,–ù–µ—Ç,–î–∞,–î–∞,–ù–µ—Ç,–î–∞,–î–∞,–î–∞,–î–∞,–î–∞,–î–∞,"–ü–µ—Ä–µ–µ–∑–¥ –≤ –Ω–æ–≤—ã–π –æ—Ñ–∏—Å –∏ –Ω–æ–≤–∞—è —Ä–∞—Å—Å—Ç–∞–Ω–æ–≤–∫–∞, —Ç–µ–ø–µ—Ä—å —Å–∏–∂—É –±–ª–∏–∂–µ –∫ –∫–æ–º–∞–Ω–¥–µ (—Ç–æ–π –∫–æ—Ç–æ—Ä–∞—è –æ—Å—Ç–∞–ª–∞—Å—å –≤ –æ—Ñ–∏—Å–µ)",–í –∫–æ—Ñ–µ–ø–æ–∏–Ω—Ç–∞—Ö –∫–æ—Ñ–µ–π–Ω—ã–µ –∑—ë—Ä–Ω–∞ —Ö—É–∂–µ —á–µ–º –≤ —Å—Ç–æ–ª–æ–≤–æ–π(,"–ù–∞–¥ –ø—Ä–æ—Ü–µ—Å—Å–æ–º –¥–∏–∑–∞–π–Ω–∞ –Ω–æ–≤—ã—Ö —Å–ª–æ—Ç–æ–≤ —Å—Ç–æ–∏—Ç –ø–æ–¥—É–º–∞—Ç—å. –ö–∞–∂–µ—Ç—Å—è, —á—Ç–æ –æ–Ω –Ω–µ –æ–ø—Ç–∏–º–∞–ª–µ–Ω, –Ω–æ —á—Ç–æ –∏–º–µ–Ω–Ω–æ –≤ –Ω–µ–º –ø–æ–º–µ–Ω—è—Ç—å (–∫—Ä–æ–º–µ –ø–µ—Ä–µ–±—Ä–æ—Å–∞ –¥–∏–∑–¥–æ–∫–æ–≤ –∏–∑ –≥—É–≥–ª–∞ –≤ –≤–∏–∫–∏) - —Ö–∑, –Ω—É–∂–Ω–æ –¥—É–º–∞—Ç—å...","–ø–æ—á—Ç–∏–º –ø–∞–º—è—Ç—å –∫—É—Ä–∏–ª–∫–∏ –º–∏–Ω—É—Ç–æ–π –º–æ–ª—á–∞–Ω–∏—è...




(–∏ –≤–∫—É—Å–Ω—ã–π –∫–æ—Ñ–µ –≤ –∫–æ—Ñ–µ–ø–æ–∏–Ω—Ç—ã!)"
2022-12-05 14:00:00,–†–µ—Å–ø–æ–Ω–¥–µ–Ω—Ç 159,–î–∞,–î–∞,–ù–µ—Ç,–î–∞,–î–∞,–î–∞,–î–∞,–î–∞,–î–∞,–î–∞,–î–∞,–î–∞,–ù–µ—Ç,–î–∞,–ù–µ—Ç,–î–∞,–î–∞,–î–∞,–ù–µ—Ç,–î–∞,–ù–µ—Ç,–ù–µ—Ç,–î–∞,- –Ω–æ–≤—ã–π –æ—Ñ–∏—Å –∏ –≤—Å–µ —á—Ç–æ —Å –Ω–∏–º —Å–≤—è–∑–∞–Ω–æ,"- –æ—Ç—Å—É—Ç—Å—Ç–≤–∏–µ –∫—É—Ä–∏–ª–∫–∏
- —Å–∞–º–æ–¥—É—Ä—Å—Ç–≤–æ –Ω–µ–∫–æ—Ç–æ—Ä—ã—Ö –æ—Ç–¥–µ–ª—å–Ω—ã—Ö –ª–∏—á–Ω–æ—Å—Ç–µ–π, –Ω–æ –±–µ–∑ —ç—Ç–æ–≥–æ —É–≤—ã –Ω–∏–∫–∞–∫ –∏ —Ç–∞–∫–æ–µ –µ—Å—Ç—å –≤–µ–∑–¥–µ
- –∏–Ω–æ–≥–¥–∞ –ø–ª–æ—Ö–∞—è –∫–æ–º–º—É–Ω–∏–∫–∞—Ü–∏—è
- —Ä–µ–¥–∫–∏–π –≤–Ω—É—Ç—Ä–∏–ø–æ–ª–∏—Ç–∏—á–µ—Å–∫–∏–π –∫–æ–Ω—Ç–µ–∫—Å—Ç –∫–æ–º–ø–∞–Ω–∏–∏, –º–µ—à–∞—é—â–∏–π –±—ã—Å—Ç—Ä–æ–º—É –ø—Ä–∏–Ω—è—Ç–∏—é —Ä–µ—à–µ–Ω–∏–π –∏ –∏–∑–º–µ–Ω–µ–Ω–∏—é –ø—Ä–æ—Ü–µ—Å—Å–æ–≤ (—Ä–µ—á—å –Ω–µ –ø—Ä–æ –ø–æ–ª–∏—Ç–∏–∫—É –Ω–∞—à–µ–π —Å—Ç—Ä–∞–Ω—ã)",–ª—é–¥–∏,"—è –∞–Ω–∏–º–µ—à–Ω–∏—Ü–∞ , –∏ —è –ø–æ—Å–º–æ—Ç—Ä–µ–ª–∞ –±–æ–ª—å—à–µ 90 –ê–ù–ò–ú–ï ! —É –º–µ–Ω—è –∫—É—á–∞ –≤–∏—â–µ–π, –ø–ª–∞–∫–∞—Ç–æ–≤ 4 —Ñ–µ–≥—É—Ä–∫–∏ , –ø–æ–¥—É—à–∫–∞ –æ–±–Ω–∏–º–∞—à–∫–∞ –∏ –¢.–î –ê–ù–ò–ú–ï —è —Å–º–æ—Ç—Ä–µ–ª–∞ —Å 7 –ª–µ—Ç –∏ —Ç–æ–≥–¥–∞ —è —É–∂–µ –∑–Ω–∞–ª–∞ —á—Ç–æ —Ç–∞–∫–æ–µ –•–ï–ù–¢–ê–ô , –Ø–û–ô , –Æ–†–ò (—ç—Ç–æ –∂–∞–Ω—Ä—ã) –∏ –≤–≤–æ—Ç –∏ –≤—Å–µ –º–æ–∏ –æ–¥–Ω–æ–∫–ª–∞—Å—Å–Ω–∏–∫–∏ —Å–ø—Ä–∞—à–µ–≤–∞–ª–∏ –≤–æ 2-–æ–º –∫–ª–∞—Å—Å–µ
–æ–Ω–∏ : –ì–û–°–ü–û–î–ò —Ç—ã —á—Ç–æ —Å–º–æ—Ç—Ä–∏—à—å
–ê_–ù_–ò_–ú_–ï !?
—è : –¥–∞ –∏ —á—Ç–æ ?
–æ–Ω–∏ : –û–û–û –ì–û–°–ü–û–î–ò —Ç—ã —á—Ç–æ –µ—â—ë –∏ —Ä–µ—Å—É–µ—à—å –∞–Ω–∏–º–µ!?
—è : –î–ê–ê–ê–ê !!!! –±–ª–∏–Ω! –∞ —á—ë –º–Ω–µ –µ—â–µ –¥–µ–ª–∞—Ç—å —Ç–∞ !!!
—Å–º–æ—Ç—Ä–µ—Ç—å –±**—Ç—å –ú–∞—à—É –∏ –º–µ–¥–≤–µ–¥—å !!
–æ–Ω–∏ : üòêü§î –º–º–º.... –î–ê! –ø–æ—Ç–æ–º—É —á—Ç–æ –ê–Ω–∏–º–µ
—ç—Ç–æ –∂–µ –¥–ª—è –ø–∏–¥–æ—Ä–∞**–≤ !
—è : ü§îü§îüòêüò∂ —ç–º –ù–û–û–û–£ !!! –∫–æ—Ä–æ—á–µ
—Ç—ã –õ–´–°–´–ô –°–£–°–õ–ò–ö —Ä–∞—Å –Ω–µ —á–µ–≥–æ –Ω–µ –ø–æ–Ω–∏–º–∞–µ—à ... –∏
–Ø —Å—Ä–∞–∑—É —É–±–µ–∂–∞–ª–∞ –ø—Ä–æ—á—å !! üèÉ‚Äç‚ôÄüèÉ‚Äç‚ôÄ –ø—Ä–æ—Å—Ç–æ –†–ê–ù , –í–ê–°–Ø, –†–ê–ù !!! –∏ –º–Ω–µ 14 –ª–µ—Ç –Ω–∞ —Å–µ–≥–æ–¥–Ω—è –∏ —è –≤—Å–µ –µ—â—ë –ê–ù–ò–ú–ï–®–ù–ò–¶–ê !!!!"
2022-12-01 12:38:33,–†–µ—Å–ø–æ–Ω–¥–µ–Ω—Ç 100,–î–∞,–î–∞,–î–∞,–î–∞,–î–∞,–î–∞,–î–∞,–î–∞,–î–∞,–î–∞,–î–∞,–î–∞,–î–∞,–ù–µ—Ç,–ù–µ—Ç,–ù–µ—Ç,–î–∞,–î–∞,–î–∞,–î–∞,–î–∞,–î–∞,–î–∞,"–£–≤–µ–ª–∏—á–µ–Ω–∏–µ –∑–∞—Ä–ø–ª–∞—Ç—ã –∏ –∫–æ–º–ø–µ–Ω—Å–∞—Ü–∏—è –∑–∞—Ç—Ä–∞—Ç –Ω–∞ —Å–ø–æ—Ä—Ç. –ü–æ—Å–∫–æ–ª—å–∫—É —è —É–¥–∞–ª–µ–Ω—â–∏–∫, –¥—Ä—É–≥–∏—Ö –∏–∑–º–µ–Ω–µ–Ω–∏–π —è –æ—Å–æ–±–æ –Ω–µ –∑–∞–º–µ—Ç–∏–ª.",,,
2022-11-30 18:38:21,–†–µ—Å–ø–æ–Ω–¥–µ–Ω—Ç 85,–î–∞,–î–∞,–î–∞,–î–∞,–î–∞,–î–∞,–î–∞,–î–∞,–î–∞,–î–∞,–î–∞,–î–∞,–î–∞,–î–∞,–ù–µ—Ç,–î–∞,–ù–µ—Ç,–î–∞,–î–∞,–î–∞,–î–∞,–î–∞,–ù–µ—Ç,"–°–µ—Ä–≤–∏—Å –Ø—Å–Ω–æ, –¥–º—Å –∏ –ê–Ω–≥–ª","–ù–µ –∑–Ω–∞–µ–º –∏–º–µ–Ω –¥—Ä—É–≥-–¥—Ä—É–≥–∞, –º–Ω–æ–≥–∏–µ –Ω–µ –∑–¥–æ—Ä–æ–≤–∞—é—Ç—Å—è. –•–æ—Ç—è —Ä–∞–±–æ—Ç–∞–µ–º –Ω–∞ –æ–¥–Ω–æ–º —ç—Ç–∞–∂–µ. –¢—É—Ç –∞–ø—Ä–∏–æ—Ä–∏ –Ω–µ –º–æ–∂–µ—Ç –±—ã—Ç—å –¥—Ä—É–≥–∏—Ö –ª—é–¥–µ–π, —Ç–æ –µ—Å—Ç—å –µ—Å–ª–∏ –∫—Ç–æ-—Ç–æ –∏–¥–µ—Ç –Ω–∞–≤—Å—Ç—Ä–µ—á—É - –∑–Ω–∞—á–∏—Ç 99 –∏–∑ 100 —Ç–æ—á–Ω–æ —Ç–≤–æ–π –∫–æ–ª–ª–µ–≥–∞.","–õ—é–¥–∏, –∫–æ—Ç–æ—Ä—ã–µ –ø–æ—á–µ–º—É-—Ç–æ —Å—á–∏—Ç–∞—é—Ç, —á—Ç–æ —Ç–≤–æ—è —Ä–∞–±–æ—Ç–∞ –Ω–µ —Ç–∞–∫–∞—è –≤–∞–∂–Ω–∞—è –∏–ª–∏ —Ä–∞–∑–º–∞–∑—ã–≤–∞—é—Ç –∫–æ–Ω–∫—Ä–µ—Ç–Ω—ã–π –≤–æ–ø—Ä–æ—Å –≤ –¥–æ–ª–≥—É—é –ø–µ—Ä–µ–ø–∏—Å–∫—É –Ω–∏ –æ —á–µ–º",–•–æ—Ä–æ—à–µ–≥–æ –¥–Ω—è
2022-11-30 17:31:22,–†–µ—Å–ø–æ–Ω–¥–µ–Ω—Ç 67,–î–∞,–î–∞,–î–∞,–î–∞,–î–∞,–î–∞,–î–∞,–î–∞,–î–∞,–î–∞,–î–∞,–î–∞,–ù–µ—Ç,–ù–µ—Ç,–î–∞,–ù–µ—Ç,–ù–µ—Ç,–î–∞,–ù–µ—Ç,–ù–µ—Ç,–ù–µ—Ç,–ù–µ—Ç,–î–∞,"–ù–æ–≤—ã–π –æ—Ñ–∏—Å
–†–∞—Å—à–∏—Ä–µ–Ω–∏–µ –ø—Ä–æ–∏–∑–≤–æ–¥—Å—Ç–≤–∞
–ß—É—Ç—å –±–æ–ª–µ–µ –ø—Ä–æ–∑—Ä–∞—á–Ω—ã–µ –ø—Ä–æ—Ü–µ—Å—Å—ã –≤ –ø—Ä–æ–∏–∑–≤–æ–¥—Å—Ç–≤–µ
–°–∏–ª—å–Ω–æ –±–æ–ª–µ–µ –æ—Å–º—ã—Å–ª–µ–Ω–Ω—ã–π –ø–æ–¥—Ö–æ–¥ –∫ –ø—Ä–æ–∏–∑–≤–æ–¥—Å—Ç–≤—É –Ω–æ–≤–æ–≥–æ –∫–æ–Ω—Ç–µ–Ω—Ç–∞ –≤ –ø—Ä–∏–ª–æ–∂–µ–Ω–∏–∏
–û—Ç–Ω–æ—à–µ–Ω–∏–µ –∫ —Å–æ—Ç—Ä—É–¥–Ω–∏–∫–∞–º, –∂–µ–ª–∞—é—â–∏–º –ø—Ä–æ–¥–æ–ª–∂–∏—Ç—å —Å–æ—Ç—Ä—É–¥–Ω–∏—á–µ—Å—Ç–≤–æ –≤ –¥—Ä—É–≥–æ–π —Å—Ç—Ä–∞–Ω–µ",,,
2022-12-05 12:55:25,–†–µ—Å–ø–æ–Ω–¥–µ–Ω—Ç 163,–î–∞,–î–∞,–î–∞,–î–∞,–î–∞,–î–∞,–î–∞,–î–∞,–î–∞,–î–∞,–ù–µ—Ç,–ù–µ—Ç,–î–∞,–î–∞,–î–∞,–î–∞,–î–∞,–î–∞,–î–∞,–î–∞,–î–∞,–î–∞,–î–∞,"–ù–æ–≤—ã–π –æ—Ñ–∏—Å, –¥—Ä—É–∂–µ–ª—é–±–Ω—ã–π –∫–æ–ª–ª–µ–∫—Ç–∏–≤ (—è –Ω–µ–¥–∞–≤–Ω–æ –≤ –∫–æ–º–ø–∞–Ω–∏–∏)","–ü—Ä–æ–≥—Ä–∞–º–º–∏—Å—Ç—ã –ö–∞–∑–∏–Ω–æ –∏ –î–í–ì —Å—É—â–µ—Å—Ç–≤—É—é—Ç –∫–∞–∫-—Ç–æ –æ—á–µ–Ω—å –æ—Ç–¥–µ–ª—å–Ω–æ –∏ –Ω–µ—Ç –∫–∞–∫–∏—Ö —Ç–æ —Ä–µ–≥—É–ª—è—Ä–Ω—ã—Ö —Ä–∞–±–æ—á–∏—Ö –∫–æ–º–º—É–Ω–∏–∫–∞—Ü–∏–π (–Ω–∞–ø—Ä–∏–º–µ—Ä, —Ç–µ—Å—Ç–∏—Ä–æ–≤—â–∏–∫–∏ —Ä–µ–≥—É–ª—è—Ä–Ω–æ –≤—Å–µ –≤—Å—Ç—Ä–µ—á–∞—é—Ç—Å—è –∏ –≤ –∫—É—Ä—Å–µ,  —á—Ç–æ —É –∫–∞–∂–¥–æ–≥–æ –≤ –æ—Ç–¥–µ–ª–µ –¥–µ–ª–∞–µ—Ç—Å—è) . –ë—ã–ª–æ –±—ã –Ω–µ–ø–ª–æ—Ö–æ –∏–Ω–æ–≥–¥–∞ –¥–µ–ª–∏—Ç—Å—è –æ–ø—ã—Ç–æ–º –º–µ–∂–¥—É –∫–æ–º–∞–Ω–¥–∞–º–∏ - –¥—É–º–∞—é, —ç—Ç–æ –≤—Å–µ–º –±—ã–ª–æ –±—ã –ø–æ–ª–µ–∑–Ω–æ",–ù–µ –≤—Å–µ–≥–¥–∞ –µ—Å—Ç—å —á—ë—Ç–∫–∏–π –ø—É–ª –∑–∞–¥–∞—á. –ü–æ—ç—Ç–æ–º—É –∏–Ω–æ–≥–¥–∞ –ø—Ä–∏—Ö–æ–¥–∏—Ç—Å—è –∂–¥–∞—Ç—å –Ω–æ–≤—É—é –∑–∞–¥–∞—á–∫—É,KamaGames <3
2022-12-02 13:04:44,–†–µ—Å–ø–æ–Ω–¥–µ–Ω—Ç 127,–î–∞,–î–∞,–î–∞,–î–∞,–î–∞,–î–∞,–î–∞,–î–∞,–î–∞,–î–∞,–î–∞,–î–∞,–ù–µ—Ç,–î–∞,–î–∞,–î–∞,–î–∞,–î–∞,–î–∞,–î–∞,–î–∞,–î–∞,–î–∞,,,,
2022-11-30 18:37:16,–†–µ—Å–ø–æ–Ω–¥–µ–Ω—Ç 13,–î–∞,–î–∞,–ù–µ—Ç,–î–∞,–ù–µ—Ç,–î–∞,–î–∞,–î–∞,–î–∞,–î–∞,–ù–µ—Ç,–î–∞,–î–∞,–ù–µ—Ç,–ù–µ—Ç,–î–∞,–ù–µ—Ç,–î–∞,–î–∞,–î–∞,–ù–µ—Ç,–î–∞,–î–∞,–ø–æ—è–≤–ª–µ–Ω–∏–µ –î–ú–°,–æ—Ç—Å—É—Ç—Å—Ç–≤–∏–µ –∫—É—Ä–∏—Ç–µ–ª—å–Ω–æ–π –∫–∞–±–∏–Ω—ã,–µ—Å–ª–∏ —Ç–æ–ª—å–∫–æ —è —Å–∞–º),–≤—Å–µ –±—É–¥–µ—Ç —Ö–æ—Ä–æ—à–æ)
2022-12-02 01:53:02,–†–µ—Å–ø–æ–Ω–¥–µ–Ω—Ç 105,–ù–µ—Ç,–ù–µ—Ç,–ù–µ—Ç,–ù–µ—Ç,–ù–µ—Ç,–ù–µ—Ç,–ù–µ—Ç,–ù–µ—Ç,–î–∞,–î–∞,–î–∞,–î–∞,–ù–µ—Ç,–ù–µ—Ç,–ù–µ—Ç,–ù–µ—Ç,–î–∞,–î–∞,–ù–µ—Ç,–î–∞,–î–∞,–î–∞,–ù–µ—Ç,,,,
2022-11-30 16:59:07,–†–µ—Å–ø–æ–Ω–¥–µ–Ω—Ç 9,–î–∞,–î–∞,–î–∞,–î–∞,–î–∞,–î–∞,–î–∞,–ù–µ—Ç,–î–∞,–î–∞,–î–∞,–ù–µ—Ç,–î–∞,–î–∞,–î–∞,–î–∞,–ù–µ—Ç,–î–∞,–ù–µ—Ç,–î–∞,–î–∞,–ù–µ—Ç,–î–∞,"> –ø–æ—Ä–∞–¥–æ–≤–∞–ª–∏
–ö—É–¥–∞ –ø—Ä–æ—â–µ –Ω–∞–ø–∏—Å–∞—Ç—å —á—Ç–æ –æ–≥–æ—Ä—á–∞–µ—Ç, –Ω–æ –∏ —ç—Ç–æ–≥–æ –Ω–µ –±—É–¥–µ—Ç.",-,–ï—Å—Ç—å.,"‚†∏‚£∑‚£¶‚†§‚°Ä‚†Ä‚†Ä‚†Ä‚†Ä‚†Ä‚†Ä‚†Ä‚†Ä‚†Ä‚†Ä‚†Ä‚†Ä‚†Ä‚†Ä‚†Ä‚†Ä‚†Ä‚†Ä‚¢Ä‚£Ä‚£†‚£§‚†Ä‚†Ä‚†Ä
‚†Ä‚†ô‚£ø‚°Ñ‚†à‚†ë‚¢Ñ‚†Ä‚†Ä‚†Ä‚†Ä‚†Ä‚†Ä‚†Ä‚†Ä‚†Ä‚†Ä‚†Ä‚†Ä‚†Ä‚£Ä‚†î‚†ä‚†â‚£ø‚°ø‚†Å‚†Ä‚†Ä‚†Ä
‚†Ä‚†Ä‚†à‚†£‚°Ä‚†Ä‚†Ä‚†ë‚¢Ñ‚†Ä‚†Ä‚†Ä‚†Ä‚†Ä‚†Ä‚†Ä‚†Ä‚†Ä‚°†‚†ä‚†Å‚†Ä‚†Ä‚£∞‚†ü‚†Ä‚†Ä‚†Ä‚£Ä‚£Ä
‚†Ä‚†Ä‚†Ä‚†Ä‚†à‚†¢‚£Ñ‚†Ä‚°à‚†í‚†ä‚†â‚†Å‚†Ä‚†à‚†â‚†ë‚†ö‚†Ä‚†Ä‚£Ä‚†î‚¢ä‚£†‚†§‚†í‚†ä‚†â‚†Ä‚°ú
‚†Ä‚†Ä‚†Ä‚†Ä‚†Ä‚†Ä‚†Ä‚°Ω‚†Å‚†Ä‚†Ä‚†Ä‚†Ä‚†Ä‚†Ä‚†Ä‚†Ä‚†Ä‚†Ä‚†©‚°î‚†ä‚†Å‚†Ä‚†Ä‚†Ä‚†Ä‚†Ä‚†Ä‚†á
‚†Ä‚†Ä‚†Ä‚†Ä‚†Ä‚†Ä‚†Ä‚°á‚¢†‚°§‚¢Ñ‚†Ä‚†Ä‚†Ä‚†Ä‚†Ä‚°†‚¢§‚£Ñ‚†Ä‚°á‚†Ä‚†Ä‚†Ä‚†Ä‚†Ä‚†Ä‚†Ä‚¢∞‚†Ä
‚†Ä‚†Ä‚†Ä‚†Ä‚†Ä‚†Ä‚¢Ä‚†á‚†π‚†ø‚†ü‚†Ä‚†Ä‚†§‚†Ä‚†Ä‚†ª‚†ø‚†ü‚†Ä‚£á‚†Ä‚†Ä‚°Ä‚††‚†Ñ‚†í‚†ä‚†Å‚†Ä
‚†Ä‚†Ä‚†Ä‚†Ä‚†Ä‚†Ä‚¢∏‚£ø‚£ø‚°Ü‚†Ä‚†∞‚†§‚†ñ‚†¶‚†¥‚†Ä‚¢Ä‚£∂‚£ø‚£ø‚†Ä‚†ô‚¢Ñ‚†Ä‚†Ä‚†Ä‚†Ä‚†Ä‚†Ä
‚†Ä‚†Ä‚†Ä‚†Ä‚†Ä‚†Ä‚†Ä‚¢ª‚£ø‚†É‚†Ä‚†Ä‚†Ä‚†Ä‚†Ä‚†Ä‚†Ä‚†à‚†ø‚°ø‚†õ‚¢Ñ‚†Ä‚†Ä‚†±‚£Ñ‚†Ä‚†Ä‚†Ä‚†Ä 
‚†Ä‚†Ä‚†Ä‚†Ä‚†Ä‚†Ä‚†Ä‚¢∏‚†à‚†ì‚†¶‚†Ä‚£Ä‚£Ä‚£Ä‚†Ä‚°†‚†¥‚†ä‚†π‚°û‚£Å‚†§‚†í‚†â‚†Ä‚†Ä‚†Ä‚†Ä‚†Ä 
‚†Ä‚†Ä‚†Ä‚†Ä‚†Ä‚†Ä‚£†‚†É‚†Ä‚†Ä‚†Ä‚†Ä‚°å‚†â‚†â‚°§‚†Ä‚†Ä‚†Ä‚†Ä‚¢ª‚†ø‚†Ü‚†Ä‚†Ä‚†Ä‚†Ä‚†Ä‚†Ä‚†Ä
‚†Ä‚†Ä‚†Ä‚†Ä‚†Ä‚†∞‚†Å‚°Ä‚†Ä‚†Ä‚†Ä‚†Ä‚¢∏‚†Ä‚¢∞‚†É‚†Ä‚†Ä‚†Ä‚¢†‚†Ä‚¢£‚†Ä‚†Ä‚†Ä‚†Ä‚†Ä‚†Ä‚†Ä‚†Ä 
‚†Ä‚†Ä‚†Ä‚¢∂‚£ó‚†ß‚°Ä‚¢≥‚†Ä‚†Ä‚†Ä‚†Ä‚¢∏‚£Ä‚£∏‚†Ä‚†Ä‚†Ä‚¢Ä‚°ú‚†Ä‚£∏‚¢§‚£∂‚†Ä‚†Ä‚†Ä‚†Ä‚†Ä‚†Ä 
‚†Ä‚†Ä‚†Ä‚†à‚†ª‚£ø‚£¶‚£à‚£ß‚°Ä‚†Ä‚†Ä‚¢∏‚£ø‚£ø‚†Ä‚†Ä‚¢Ä‚£º‚°Ä‚£®‚£ø‚°ø‚†Å‚†Ä‚†Ä‚†Ä‚†Ä‚†Ä‚†Ä 
‚†Ä‚†Ä‚†Ä‚†Ä‚†Ä‚†à‚†ª‚†ø‚†ø‚†ì‚†Ñ‚†§‚†ò‚†â‚†ô‚†§‚¢Ä‚†æ‚†ø‚£ø‚†ü‚†ã‚†Ä‚†Ä‚†Ä‚†Ä‚†Ä‚†Ä‚†Ä‚†Ä"
2022-11-30 17:00:17,–†–µ—Å–ø–æ–Ω–¥–µ–Ω—Ç 62,–î–∞,–î–∞,–î–∞,–î–∞,–ù–µ—Ç,–î–∞,–î–∞,–î–∞,–î–∞,–î–∞,–î–∞,–î–∞,–ù–µ—Ç,–î–∞,–î–∞,–î–∞,–ù–µ—Ç,–î–∞,–î–∞,–î–∞,–î–∞,–î–∞,–î–∞,,,,
2022-12-01 18:52:41,–†–µ—Å–ø–æ–Ω–¥–µ–Ω—Ç 104,–î–∞,–î–∞,–î–∞,–î–∞,–î–∞,–ù–µ—Ç,–î–∞,–î–∞,–î–∞,–î–∞,–î–∞,–î–∞,–î–∞,–î–∞,–î–∞,–î–∞,–î–∞,–î–∞,–î–∞,–î–∞,–î–∞,–î–∞,–î–∞,,,,
2022-11-30 18:21:06,–†–µ—Å–ø–æ–Ω–¥–µ–Ω—Ç 21,–î–∞,–î–∞,–î–∞,–î–∞,–î–∞,–î–∞,–î–∞,–î–∞,–î–∞,–î–∞,–î–∞,–î–∞,–î–∞,–î–∞,–î–∞,–î–∞,–î–∞,–î–∞,–î–∞,–î–∞,–î–∞,–î–∞,–î–∞,,,,
2022-11-30 18:34:45,–†–µ—Å–ø–æ–Ω–¥–µ–Ω—Ç 79,–î–∞,–ù–µ—Ç,–î–∞,–î–∞,–ù–µ—Ç,–î–∞,–ù–µ—Ç,–î–∞,–î–∞,–î–∞,–î–∞,–î–∞,–î–∞,–î–∞,–î–∞,–î–∞,–ù–µ—Ç,–î–∞,–î–∞,–î–∞,–î–∞,–î–∞,–î–∞,"–í–æ—É —ç—Ç–æ –º–æ—è –ø–µ—Ä–≤–∞—è —Ä–∞–±–æ—Ç–∞ —Ç–µ—Å—Ç–∏—Ä–æ–≤—â–∏–∫–æ–º! –ò —ç—Ç–æ –±—ã–ª–æ –∫–ª–∞—Å—Å–Ω–æ. –°–ø–∞—Å–∏–±–æ –≤—Å–µ–º –∫—Ç–æ –ø–æ–≤–µ—Ä–∏–ª –≤ –º–µ–Ω—è –Ω–∞ –ø–µ—Ä–≤—ã—Ö —ç—Ç–∞–ø–∞—Ö. –¢–µ–ø–µ—Ä—å —è —Ç–æ—á–Ω–æ –∑–Ω–∞—é, —á—Ç–æ –º–æ–≥—É! ","–ú–Ω–µ –Ω—Ä–∞–≤–∏—Ç—Å—è –∞–±—Å–æ–ª—é—Ç–Ω–æ –≤—Å–µ! –î–∞–∂–µ —Å —É—á–µ—Ç–æ–º —Ç–æ–≥–æ, —á—Ç–æ –º–µ–Ω—è –º—è–≥–∫–æ –ø–æ–ø—Ä–æ—Å–∏–ª–∏ —É–≤–æ–ª–∏—Ç—å—Å—è) –Ø –Ω–∏ –æ —á–µ–º –Ω–µ –∂–∞–ª–µ—é, –Ω –∏ –æ —á –µ –º! –ö–æ–º–ø–∞–Ω–∏—è –ø—Ä–∞–≤–¥–∞ –∫–ª–∞—Å—Å–Ω–∞—è, —Å –∫—Ä—É—Ç—ã–º –ø—Ä–æ–¥—É–∫—Ç–æ–º",–ù—É –≤–∏–¥–∏–º–æ —ç—Ç–æ —è —Å–∞–º)) ,"–°–ø–∞—Å–∏–±–æ, —á—Ç–æ –¥–æ—á–∏—Ç–∞–ª –¥–æ –∫–æ–Ω—Ü–∞! –í–æ—Ç –Ω–∞–ø–æ—Å–ª–µ–¥–æ–∫ –∞–Ω–µ–∫–¥–æ—Ç: –†–µ–±–µ–Ω–æ–∫ - —ç—Ç–æ –∫–∞–∫ –ø–µ—Ä–¥—ë–∂... –Ω—Ä–∞–≤—è—Ç—Å—è —Ç–æ–ª—å–∫–æ —Å–≤–æ–π =) "
2022-12-02 15:44:52,–†–µ—Å–ø–æ–Ω–¥–µ–Ω—Ç 142,–î–∞,–î–∞,–î–∞,–î–∞,–î–∞,–ù–µ—Ç,–î–∞,–î–∞,–ù–µ—Ç,–î–∞,–î–∞,–î–∞,–î–∞,–ù–µ—Ç,–î–∞,–î–∞,–ù–µ—Ç,–î–∞,–î–∞,–ù–µ—Ç,–ù–µ—Ç,–î–∞,–î–∞,,,,
2022-12-02 12:54:39,–†–µ—Å–ø–æ–Ω–¥–µ–Ω—Ç 117,–î–∞,–î–∞,–î–∞,–î–∞,–î–∞,–î–∞,–î–∞,–î–∞,–î–∞,–î–∞,–ù–µ—Ç,–î–∞,–î–∞,–î–∞,–î–∞,–î–∞,–ù–µ—Ç,–î–∞,–î–∞,–î–∞,–î–∞,–ù–µ—Ç,–î–∞,–ò–Ω–¥–µ–∫—Å–∞—Ü–∏—è –∑–ø :),,,"—Å–ø–∞—Å–∏–±–æ –∑–∞ —Ç–æ, —á—Ç–æ –¥–∞–µ—Ç–µ —Ä–∞–∑–≤–∏–≤–∞—Ç—å—Å—è –≤–º–µ—Å—Ç–µ —Å –≤–∞–º–∏ :)"
2022-11-30 16:48:48,–†–µ—Å–ø–æ–Ω–¥–µ–Ω—Ç 52,–î–∞,–î–∞,–î–∞,–î–∞,–î–∞,–ù–µ—Ç,–ù–µ—Ç,–î–∞,–î–∞,–î–∞,–î–∞,–î–∞,–î–∞,–î–∞,–î–∞,–î–∞,–ù–µ—Ç,–î–∞,–î–∞,–ù–µ—Ç,–î–∞,–î–∞,–î–∞,—É–¥–∞–ª—ë–Ω–∫–∞ ,,,
2022-11-30 17:00:53,–†–µ—Å–ø–æ–Ω–¥–µ–Ω—Ç 61,–î–∞,–î–∞,–ù–µ—Ç,–î–∞,–ù–µ—Ç,–î–∞,–î–∞,–î–∞,–ù–µ—Ç,–î–∞,–ù–µ—Ç,–ù–µ—Ç,–ù–µ—Ç,–ù–µ—Ç,–ù–µ—Ç,–î–∞,–î–∞,–î–∞,–î–∞,–î–∞,–ù–µ—Ç,–ù–µ—Ç,–î–∞,,–û—Ç—Å—É—Ç—Å—Ç–≤–∏–µ –≥—Ä–∞—Ñ–∏–∫–∞ –∏–ª–∏ —Ä–∞–∑—ä—è—Å–Ω–µ–Ω–∏—è –ø—Ä–∏–Ω—Ü–∏–ø–∞ —É–≤–µ–ª–∏—á–µ–Ω–∏—è –ó/–ü,–û—Ç—Å—É—Ç—Å—Ç–≤–∏–µ –∞–¥–µ–∫–≤–∞—Ç–Ω—ã—Ö –º–µ—Ö–∞–Ω–∏–∑–º–æ–≤ —É–¥–∞–ª–µ–Ω–Ω–æ–π —Ä–∞–±–æ—Ç—ã,
2022-11-30 20:55:06,–†–µ—Å–ø–æ–Ω–¥–µ–Ω—Ç 38,–ù–µ—Ç,–î–∞,–ù–µ—Ç,–î–∞,–î–∞,–î–∞,–î–∞,–î–∞,–î–∞,–î–∞,–ù–µ—Ç,–ù–µ—Ç,–ù–µ—Ç,–ù–µ—Ç,–ù–µ—Ç,–î–∞,–ù–µ—Ç,–î–∞,–î–∞,–î–∞,–ù–µ—Ç,–ù–µ—Ç,–î–∞,"–Ø —Ä–∞–±–æ—Ç–∞—é –≤—Å–µ–≥–æ –¥–≤–∞ –º–µ—Å—è—Ü–∞, –∞–∞–∞–∞–∞–∞))))))",–ü–æ–∫–∞ –≤—Å—ë –Ω—Ä–∞–≤–∏—Ç—Å—è,–ù–µ—Ç—å,"–ê–Ω–µ–∫–¥–æ—Ç:
–•–∞–∫–µ—Ä—ã –≤–∑–ª–æ–º–∞–ª–∏ —Å–µ—Ä–≤–µ—Ä –í–∞—Ç–∏–∫–∞–Ω–∞, —É—Ç–∞—â–∏–ª–∏ –∫—É—á—É —Å–µ–∫—Ä–µ—Ç–Ω–æ–π –∏–Ω—Ñ–æ—Ä–º–∞—Ü–∏–∏ –∏ –ø–æ —á—É—Ç—å-—á—É—Ç—å –≤—ã–∫–ª–∞–¥—ã–≤–∞—é—Ç –≤ –æ–±—â–∏–π –¥–æ—Å—Ç—É–ø.
–ü–∞–ø–∞ —Ä–∏–º—Å–∫–∏–π —Å–æ–±—Ä–∞–ª —Å–æ–≤–µ—Ç –∫–∞—Ä–¥–∏–Ω–∞–ª–æ–≤, –æ—Ç–≤–µ—Ç—Å—Ç–≤–µ–Ω–Ω—ã—Ö –∑–∞ –∏–Ω—Ñ–æ—Ä–º–∞—Ü–∏–æ–Ω–Ω—É—é –±–µ–∑–æ–ø–∞—Å–Ω–æ—Å—Ç—å.
‚Äî –í—ã—à–∏ –ø—Ä–∏–æ—Å–≤—è—â–µ–Ω—Å—Ç–≤–∞, —ç—Ç–æ –ø–æ–∑–æ—Ä! –ü–æ–ª–∏—Ü–µ–π—Å–∫–∏–µ –∫–æ–º–ø—å—é—Ç–µ—Ä—â–∏–∫–∏, –≥–æ–≤–æ—Ä—è—Ç —á—Ç–æ —Å–µ—Ä–≤–µ—Ä –Ω–µ –±—ã–ª –≤–∑–ª–æ–º–∞–Ω, –∑–ª–æ—É–º—ã—à–ª–µ–Ω–Ω–∏–∫–∏ –ø—Ä–æ—Å—Ç–æ –≤–≤–µ–ª–∏ –ø–∞—Ä–æ–ª—å.
–Ø –∂–µ –ø—Ä–æ—Å–∏–ª, —É—Å—Ç–∞–Ω–æ–≤–∏—Ç—å —Å–∞–º—ã–π –Ω–∞–¥—ë–∂–Ω—ã–π –ø–∞—Ä–æ–ª—å!
‚Äî –ù–æ, –í–∞—à–µ –°–≤—è—Ç–µ–π—à–µ—Å—Ç–≤–æ, –º—ã –≤—ã–±—Ä–∞–ª–∏ –Ω–∞–¥—ë–∂–Ω–µ–π—à–∏–π –ø–∞—Ä–æ–ª—å, –≥–æ–¥ –≤–æ–∑–≤–µ–¥–µ–Ω–∏—è –Ω–∞ –ø—Ä–µ—Å—Ç–æ–ª, —Å–∞–º–æ–≥–æ –º–∞–ª–æ–∏–∑–≤–µ—Å—Ç–Ω–æ–≥–æ –ø–∞–ø—ã ‚Äî –ò–Ω–Ω–æ–∫–µ–Ω—Ç–∏—è IV
‚Äî –ù–µ—É–∂–µ–ª–∏, –Ω–∞–ø–æ–º–Ω–∏—Ç–µ, –≤ –∫–∞–∫–æ–º –≥–æ–¥—É —ç—Ç–æ –ø—Ä–æ–∏–∑–æ—à–ª–æ?
‚Äî –ù—É –∫–∞–∫ –∂–µ, –ø–æ–Ω—Ç–∏—Ñ–∏–∫, –≤ —Ç—ã—Å—è—á–∞ –¥–≤–µ—Å—Ç–∏ —Ç—Ä–∏–¥—Ü–∞—Ç—å —á–µ—Ç–≤—ë—Ä—Ç–æ–º."
2022-11-30 17:15:41,–†–µ—Å–ø–æ–Ω–¥–µ–Ω—Ç 72,–î–∞,–î–∞,–î–∞,–î–∞,–î–∞,–î–∞,–î–∞,–î–∞,–î–∞,–î–∞,–î–∞,–î–∞,–î–∞,–ù–µ—Ç,–ù–µ—Ç,–î–∞,–ù–µ—Ç,–î–∞,–î–∞,–î–∞,–ù–µ—Ç,–î–∞,–î–∞,"–ú–µ–Ω—è –ø–æ—Ä–∞–¥–æ–≤–∞–ª–∏:
–ù–æ–≤—ã–π –ø—Ä–æ—Å—Ç–æ—Ä–Ω—ã–π –æ—Ñ–∏—Å.
–ü—Ä–µ–∫—Ä–∞—Å–Ω—ã–π —Å–µ—Ä–≤–∏—Å –ê–•–° –≤ –Ω–æ–≤–æ–º –æ—Ñ–∏—Å–µ.
–ó–∞–±–æ—Ç–∞ –∫–æ–º–ø–∞–Ω–∏–∏ –æ —Å–æ—Ç—Ä—É–¥–Ω–∏–∫–∞—Ö –≤ –ø–µ—Ä–∏–æ–¥ —á–∞—Å—Ç–∏—á–Ω–æ–π –º–æ–±–∏–ª–∏–∑–∞—Ü–∏–∏(—Ä–µ–∂–∏–º —Ä–∞–±–æ—Ç—ã, –∏–Ω–¥–∏–≤–∏–¥—É–∞–ª—å–Ω—ã–π –ø–æ–¥—Ö–æ–¥).",,,
2022-12-15 23:39:48,–†–µ—Å–ø–æ–Ω–¥–µ–Ω—Ç 35,–î–∞,–î–∞,–î–∞,–î–∞,–î–∞,–î–∞,–î–∞,–î–∞,–î–∞,–î–∞,–î–∞,–î–∞,–î–∞,–î–∞,–î–∞,–î–∞,–î–∞,–î–∞,–î–∞,–î–∞,–î–∞,–î–∞,–î–∞,,,,
2022-11-30 18:55:27,–†–µ—Å–ø–æ–Ω–¥–µ–Ω—Ç 81,–î–∞,–î–∞,–î–∞,–î–∞,–î–∞,–î–∞,–î–∞,–ù–µ—Ç,–î–∞,–î–∞,–î–∞,–î–∞,–î–∞,–î–∞,–ù–µ—Ç,–î–∞,–ù–µ—Ç,–î–∞,–î–∞,–î–∞,–ù–µ—Ç,–î–∞,–î–∞,–ú–æ—â–Ω–∞—è –∏ –¥—É—à–µ–≤–Ω–∞—è –∫–æ–º–∞–Ω–¥–∞ HR! –û—á–µ–Ω—å –º–Ω–æ–≥–æ –ø–æ–ª–µ–∑–Ω—ã—Ö –æ–±—Ä–∞–∑–æ–≤–∞—Ç–µ–ª—å–Ω—ã—Ö –∏–≤–µ–Ω—Ç–æ–≤. –î–ú–°. –ù–æ–≤—ã–π –æ—Ñ–∏—Å –¥–µ–π—Å—Ç–≤–∏—Ç–µ–ª—å–Ω–æ –ø—Ä–æ—Å—Ç–æ—Ä–Ω—ã–π –∏ –º–Ω–æ–≥–æ—Ñ—É–Ω–∫—Ü–∏–æ–Ω–∞–ª—å–Ω—ã–π. –†–∞—Å—Ç–µ–Ω–∏—è! –ë–æ–ª—å—à–æ–µ —Ä–∞–∑–≤–∏—Ç–∏–µ –º–æ–µ–π —Å–æ–±—Å—Ç–≤–µ–Ω–Ω–æ–π –∫–æ–º–∞–Ω–¥—ã. ,"–í–∏–¥ –∏–∑ –æ—Ñ–∏—Å–∞. –Æ—Ä–∏–¥–∏—á–µ—Å–∫–∏–π –æ—Ç–¥–µ–ª —Å–ª–∏—à–∫–æ–º –¥–æ–ª–≥–æ –∑–∞–Ω–∏–º–∞–µ—Ç—Å—è –ø–æ–¥–ø–∏—Å–∞–Ω–∏–µ–º –¥–æ–∫—É–º–µ–Ω—Ç–æ–≤ –ø–æ –ø–∞—Ä—Ç–Ω—ë—Ä–∞–º –º–∞—Ä–∫–µ—Ç–∏–Ω–≥–∞. –ù—É–∂–Ω—ã –Ω–æ–≤—ã–µ —é—Ä–∏—Å—Ç—ã-–º–µ–∂–¥—É–Ω–∞—Ä–æ–¥–Ω–∏–∫–∏! –û—Ç—Å—É—Ç—Å—Ç–≤–∏–µ —Å–∏—Å—Ç–µ–º—ã –≥—Ä–µ–π–¥–æ–≤ –¥–ª—è –º–ª–∞–¥—à–∏—Ö —Å–æ—Ç—Ä—É–¥–Ω–∏–∫–æ–≤ (–Ω–æ —è –∑–Ω–∞—é, —á—Ç–æ –≤ —Ä–∞–∑—Ä–∞–±–æ—Ç–∫–µ –≤—Å—ë). ",–ù–µ–ø—Ä–æ–∑—Ä–∞—á–Ω–æ—Å—Ç—å –ø—Ä–æ—Ü–µ—Å—Å–æ–≤ –≤ –Ω–µ–∫–æ—Ç–æ—Ä—ã—Ö –æ—Ç–¥–µ–ª–∞—Ö. ,"–°–æ–Ω—è, –æ–≥—Ä–æ–º–Ω–æ–µ —Å–ø–∞—Å–∏–±–æ –∑–∞ –≤–∫–ª–∞–¥ –≤–æ –≤–Ω—É—Ç—Ä–µ–Ω–Ω–∏–µ –∫–æ–º–º—É–Ω–∏–∫–∞—Ü–∏–∏ –∏ —Ä–∞–∑–≤–∏—Ç–∏–µ —Ä–∞–∑–Ω—ã—Ö –∫–æ–º–∞–Ω–¥! –û—Ç–¥–µ–ª—å–Ω—ã–π —Ä–µ—Å–ø–µ–∫—Ç –∑–∞ –æ—Ä–≥–∞–Ω–∏–∑–∞—Ü–∏—é –∫–æ—Ä–ø–æ—Ä–∞—Ç–∏–≤–∞ –∏ –∞–∫—Ç–∏–≤–Ω–æ—Å—Ç–µ–π –ø–æ –ø—Ä–∞–∑–¥–Ω–∏–∫–∞–º –∏ –Ω–µ —Ç–æ–ª—å–∫–æ! –¢—ã –¥—É—à–∞ –∫–æ–º–ø–∞–Ω–∏–∏! –ö–∏—Ä–∏–ª–ª, –º—ã –Ω–∞–∫–æ–Ω–µ—Ü-—Ç–æ –ø—Ä–æ–≤–æ–¥–∏–º –æ–±—É—á–µ–Ω–∏—è –∏ —Å—Ç–∞–ª–∏ —Å–µ—Ä—å—ë–∑–Ω–µ–µ –∑–∞–¥—É–º—ã–≤–∞—Ç—å—Å—è –ø—Ä–æ —Ä–∞–∑–≤–∏—Ç–∏–µ —Å–≤–æ—ë –∏ –ø–æ–¥—á–∏–Ω—ë–Ω–Ω—ã—Ö, –æ—á–µ–Ω—å –±—ã–ª–æ –Ω—É–∂–Ω–æ –≤—Å–µ–º –æ—Ç–¥–µ–ª–∞–º –∏ –ª–∏–¥–∞–º –ö–∞–º—ã! –°–∞—à–∞, —Å–ø–∞—Å–∏–±–æ –∑–∞ –≤–Ω–µ–¥—Ä–µ–Ω–∏—è —Ä–∞–∑–Ω—ã—Ö hr-—Ä–µ—à–µ–Ω–∏–π –∏ —Ç–µ—Ö–Ω–æ–ª–æ–≥–∏–π: —á—É–≤—Å—Ç–≤—É–µ—Ç—Å—è, —á—Ç–æ –º—ã –ø–æ–¥ —á—É—Ç–∫–∏–º –ø—Ä–∏—Å–º–æ—Ç—Ä–æ–º –ø—Ä–æ—Ñ–µ—Å—Å–∏–æ–Ω–∞–ª–∞! "
2022-11-30 16:58:49,–†–µ—Å–ø–æ–Ω–¥–µ–Ω—Ç 27,–î–∞,–î–∞,–î–∞,–ù–µ—Ç,–ù–µ—Ç,–ù–µ—Ç,–ù–µ—Ç,–î–∞,–ù–µ—Ç,–î–∞,–ù–µ—Ç,–î–∞,–ù–µ—Ç,–î–∞,–ù–µ—Ç,–î–∞,–î–∞,–î–∞,–ù–µ—Ç,–ù–µ—Ç,–î–∞,–ù–µ—Ç,–î–∞, –∫–æ–≥–¥–∞ –∑–ø –Ω–∞ 25% –ø–æ–≤—ã—Å–∏–ª–∏,"1) —á—Ç–æ –∫–æ –º–Ω–µ –º–æ–≥—É –ø–æ–¥–æ–π—Ç–∏ –≤–Ω–µ–∑–∞–ø–Ω–æ —Å–æ —Å–ø–∏–Ω—ã.. –∏ —ç—Ç–æ –ø–∏–∑–¥–µ—Ü –ø—É–≥–∞–µ—Ç.
2) —Å—Ç–∞–±–∏–ª—å–Ω–æ—Å—Ç—å –≤ —Ä–æ—Å—Ç–µ –∑–ø","–ü–µ—Ä–∏–æ–¥–∏—á–µ—Å–∫–∏ –∫–æ–º–ø.
–ò —Å –∑–∞–≤–∏–¥–Ω–æ–π –ø–µ—Ä–∏–æ–¥–∏—á–Ω–æ—Å—Ç—å—é - —Ä–µ—à–µ–Ω–∏—è –ø—Ä–æ–±–ª–µ–º –¥—Ä—É–≥–∏—Ö, –ø–æ—Å–ª–µ —á–µ–≥–æ –Ω–∞ —Ç–≤–æ—é —Ä–∞–±–æ—Ç—É –æ—Å—Ç–∞–µ—Ç—Å—è –º–µ–Ω—å—à–µ –≤—Ä–µ–º–µ–Ω–∏.","–ë–ª–∏–Ω, —Ä–µ–±—è—Ç, —Å–ø–∞—Å–∏–±–æ –í–∞–º —á—Ç–æ —Å–ø—Ä–∞—à–∏–≤–∞–µ—Ç–µ –∏ –∏–Ω—Ç–µ—Ä–µ—Å—É–µ—Ç–µ—Å—å. –≠—Ç–æ –∫—Ä—É—Ç–æ."
2022-12-05 12:13:39,–†–µ—Å–ø–æ–Ω–¥–µ–Ω—Ç 158,–ù–µ—Ç,–î–∞,–ù–µ—Ç,–î–∞,–î–∞,–î–∞,–î–∞,–î–∞,–î–∞,–î–∞,–î–∞,–î–∞,–î–∞,–î–∞,–î–∞,–î–∞,–î–∞,–î–∞,–î–∞,–î–∞,–î–∞,–î–∞,–î–∞,"–£—Ä–æ–≤–µ–Ω—å —Ä–∞–±–æ—Ç—ã —Å –∫–æ–¥–æ–º, –∑–∞–¥–∞—á–∏ –ø–æ –ø—Ä–æ–≤–µ–¥–µ–Ω–∏—é —Å–∏–º—É–ª—è—Ü–∏–π, —Ä–∞–±–æ—Ç–∞ —Å –∞–Ω–∞–ª–∏–∑–æ–º –≤–µ–∫—Ç–æ—Ä–æ–≤ –∏ –≥—Ä–∞—Ñ–æ–≤. –û—á–µ–Ω—å —Ö–æ—á–µ—Ç—Å—è –ø–æ–ø—Ä–æ–±–æ–≤–∞—Ç—å —Å–µ–±—è –≤ –º–∞—à–∏–Ω–Ω–æ–º –æ–±—É—á–µ–Ω–∏–∏. –ù–æ —è —É–∂–µ –∑–∞–Ω—è–ª—Å—è –≤–Ω–µ–∫–ª–∞—Å—Å–Ω—ã–º —á—Ç–µ–Ω–∏–µ–º –¥–ª—è —Å–µ–±—è, —á—Ç–æ–±—ã –ø–æ–Ω—è—Ç—å, –∫–∞–∫ —ç—Ç–æ –≤—Å—ë —Ä–∞–±–æ—Ç–∞–µ—Ç. ","–ù–∞ —Å–∞–º–æ–º –¥–µ–ª–µ —É—Ä–æ–≤–µ–Ω—å —Ç–æ–≥–æ, —á—Ç–æ –º–Ω–µ –Ω—Ä–∞–≤–∏—Ç—Å—è –º–µ–Ω—å—à–µ –≤—Å–µ–≥–æ –¥–æ–≤–æ–ª—å–Ω–æ –º–∞–ª—ã–π. –•–æ—Ç–µ–ª–æ—Å—å –±—ã –±–æ–ª—å—à–µ –≤–∫—É—Å–Ω—ã—Ö –ø–µ—á–µ–Ω–∏–π. –ê —Ç–æ –ø–æ—Ä–æ–π –Ω–µ —É—Å–ø–µ–≤–∞—é –Ω–∞ ""–∑–æ–ª–æ—Ç—ã–µ —á–∞—Å—ã"", –∫–æ–≥–¥–∞ –æ–Ω–∏ –ø–æ—è–≤–ª—è—é—Ç—Å—è. –î–æ–≤–æ–ª—å–Ω–æ –±—ã—Å—Ç—Ä–æ —Ä–∞–∑–±–∏—Ä–∞—é—Ç. ",–ù–µ—Ç. ,"–õ—é–±–æ–π –∫–æ–º–º–µ–Ω—Ç–∞—Ä–∏–π! –°–ø–∞—Å–∏–±–æ, —á—Ç–æ –ø—Ä–æ—á–∏—Ç–∞–ª–∏! "
2022-12-01 13:28:01,–†–µ—Å–ø–æ–Ω–¥–µ–Ω—Ç 101,–î–∞,–î–∞,–î–∞,–î–∞,–î–∞,–î–∞,–î–∞,–î–∞,–î–∞,–î–∞,–î–∞,–ù–µ—Ç,–î–∞,–î–∞,–î–∞,–ù–µ—Ç,–ù–µ—Ç,–î–∞,–ù–µ—Ç,–î–∞,–î–∞,–î–∞,–î–∞,"–£—Å—Ç–∞–Ω–æ–≤–∏—Ç–µ, –ø–æ–∂–∞–ª—É–π—Å—Ç–∞, —Ç—É—Ä–Ω–∏–∫! –û—á–µ–Ω—å –Ω–µ —Ö–≤–∞—Ç–∞–µ—Ç",,,
2022-12-02 12:58:31,–†–µ—Å–ø–æ–Ω–¥–µ–Ω—Ç 124,–î–∞,–î–∞,–î–∞,–î–∞,–î–∞,–ù–µ—Ç,–î–∞,–î–∞,–î–∞,–î–∞,–î–∞,–î–∞,–î–∞,–î–∞,–î–∞,–î–∞,–ù–µ—Ç,–î–∞,–î–∞,–î–∞,–î–∞,–î–∞,–î–∞,,,,
2022-12-02 15:30:48,–†–µ—Å–ø–æ–Ω–¥–µ–Ω—Ç 125,–î–∞,–î–∞,–ù–µ—Ç,–î–∞,–ù–µ—Ç,–ù–µ—Ç,–î–∞,–î–∞,–î–∞,–î–∞,–ù–µ—Ç,–ù–µ—Ç,–î–∞,–î–∞,–ù–µ—Ç,–ù–µ—Ç,–ù–µ—Ç,–î–∞,–î–∞,–î–∞,–î–∞,–î–∞,–î–∞,"–í –Ω–æ–≤–æ–º –æ—Ñ–∏—Å–µ —Å—Ç–∞–ª–æ —Ç–µ–ø–ª–µ–µ, –∏ —è —Ç–µ–ø–µ—Ä—å –Ω–µ –º–µ—Ä–∑–Ω—É –Ω–∞ —Ä–∞–±–æ—Ç–µ
–ö–æ–º–∞–Ω–¥–∞ —Ä–∞—Å—Ç–µ—Ç
–ò–Ω—Ç–µ—Ä–µ—Å–Ω—ã–µ –∑–∞–¥–∞—á–∏","–§–∏–∫—Å–∏—Ä–æ–≤–∞–Ω–Ω—ã–µ –æ—Ç–ø—É—Å–∫–∞
",–Ω–µ—Ç,–ö–∞–∂–µ—Ç—Å—è —Å—Ç–∞–Ω–æ–≤–∏—Ç—å—Å—è –ª—É—á—à–µ)
2022-12-01 09:55:06,–†–µ—Å–ø–æ–Ω–¥–µ–Ω—Ç 15,–î–∞,–î–∞,–î–∞,–î–∞,–î–∞,–î–∞,–î–∞,–î–∞,–î–∞,–î–∞,–î–∞,–î–∞,–î–∞,–î–∞,–î–∞,–î–∞,–î–∞,–î–∞,–î–∞,–î–∞,–î–∞,–î–∞,–î–∞,,,,
2022-11-30 17:14:15,–†–µ—Å–ø–æ–Ω–¥–µ–Ω—Ç 37,–î–∞,–î–∞,–ù–µ—Ç,–î–∞,–î–∞,–ù–µ—Ç,–î–∞,–î–∞,–î–∞,–î–∞,–ù–µ—Ç,–î–∞,–î–∞,–î–∞,–î–∞,–î–∞,–î–∞,–î–∞,–î–∞,–î–∞,–î–∞,–î–∞,–î–∞,"–ú–µ–Ω—è –ø–æ—Ä–∞–¥–æ–≤–∞–ª –ø–µ—Ä–µ–µ–∑–¥ –≤ –Ω–æ–≤—ã–π –æ—Ñ–∏—Å, —É–≤–µ–ª–∏—á–µ–Ω–∏–µ –∫—É—Ö–Ω–∏. –ò–Ω–¥–µ–∫—Å–∞—Ü–∏—è –∑–∞—Ä–ø–ª–∞—Ç—ã –ø–æ—Å–ª–µ –Ω–∞—á–∞–ª–∞ –°–í–û. –ü—Ä–∏—è—Ç–Ω–æ, —á—Ç–æ –≤ –≤ –∫–æ–º–ø–∞–Ω–∏—é —Å—Ç–∞–ª–∏ –Ω–∞–Ω–∏–º–∞—Ç—å –±–æ–ª—å—à–µ —Å–∏–º–ø–∞—Ç–∏—á–Ω—ã—Ö –¥–µ–≤—É—à–µ–∫. –û–±—É—á–µ–Ω–∏–µ –∫–∞–¥—Ä–æ–≤ –≤ —Ä—É–∫–æ–≤–æ–¥—Å—Ç–≤–µ —Ç–æ–∂–µ —Å—Ç–∞–ª–æ –∑–∞–º–µ—Ç–Ω—ã–º. –ê–Ω–¥—Ä–µ–π –î–∞–≤—ã–¥–æ–≤ —Å—Ç–∞–ª –±–æ–ª–µ–µ –∫–æ–º–º—É–Ω–∏–∫–∞–±–µ–ª—å–Ω—ã–º –∏ –∫–æ–º—Ñ–æ—Ä—Ç–Ω—ã–º —á–µ–ª–æ–≤–µ–∫–æ–º –¥–ª—è –≤–∑–∞–∏–º–æ–¥–µ–π—Å—Ç–≤–∏—è. ",–û—Ç—Å—É—Ç—Å—Ç–≤–∏–µ –æ–±–µ–¥–æ–≤ –∏–ª–∏ –∏—Ö –∫–æ–º–ø–µ–Ω—Å–∞—Ü–∏–∏,"–ù–µ—Å–æ–≥–ª–∞—Å–æ–≤–∞–Ω–Ω–æ—Å—Ç—å –æ—Ç–¥–µ–ª–æ–≤ –ø–æ–¥–≥–æ—Ç–æ–≤–∫–µ –∑–∞–¥–∞—á. –ö–æ–≥–¥–∞ —è –Ω–∞—á–∏–Ω–∞—é —Ä–µ–∞–ª–∏–∑–∞—Ü–∏—é –∑–∞–¥–∞—á–∏, —á–∞—Å—Ç—å –Ω–µ–æ–±—Ö–æ–¥–∏–º—ã—Ö —Å–æ–ø—É—Ç—Å—Ç–≤—É—é—â–∏—Ö –º–∞—Ç–µ—Ä–∏–∞–ª–æ–≤ –Ω–µ –≥–æ—Ç–æ–≤–∞, –∏–ª–∏ –Ω–∞—Ö–æ–¥–∏—Ç—Å—è –Ω–µ –≤ —Ñ–∏–Ω–∞–ª—å–Ω–æ–π –≤–µ—Ä—Å–∏–∏. –¢–∞–∫ —á—Ç–æ —á–∞—Å—Ç–æ –≤–æ–∑–Ω–∏–∫–∞—é—Ç –≤—ã–Ω—É–∂–¥–µ–Ω–Ω—ã–µ –ø—Ä–æ—Å—Ç–æ–∏ –≤ —Ä–∞–∑—Ä–∞–±–æ—Ç–∫–µ.","–ù–µ–ø–ª–æ—Ö–æ –±—ã–ª–æ –±—ã –≤–≤–µ—Å—Ç–∏:
1) –ö–æ–º–ø–µ–Ω—Å–∞—Ü–∏—é –ø–∏—Ç–∞–Ω–∏—è (—Ö–æ—Ç—è –±—ã –≤ –Ω–µ–∫–æ—Ç–æ—Ä–æ–º –æ–±—ä–µ–º–µ, —Å–∫–∞–∂–µ–º, 500 —Ä –≤ –¥–µ–Ω—å) –∏ –æ–±—â–µ—Å—Ç–≤–µ–Ω–Ω–æ–≥–æ —Ç—Ä–∞–Ω—Å–ø–æ—Ä—Ç–∞ (—É –º–µ–Ω—è –≤—ã—Ö–æ–¥–∏—Ç –æ–∫–æ–ª–æ 1200 –≤ –º–µ—Å—è—Ü –∑–∞ —Ç—Ä–æ–π–∫—É).
2) –í–æ–∑–º–æ–∂–Ω–æ—Å—Ç—å —Ä–∞–±–æ—Ç–∞—Ç—å —É–¥–∞–ª–µ–Ω–Ω–æ –ø–æ –∂–µ–ª–∞–Ω–∏—é (–Ω–∞–ø—Ä–∏–º–µ—Ä –ø–∞—Ä—É –¥–Ω–µ–π –≤ –Ω–µ–¥–µ–ª—é), –ª–∏–±–æ —Ñ–∏–∫—Å–∏—Ä–æ–≤–∞–Ω–Ω–æ–µ –∫–æ–ª–∏—á–µ—Å—Ç–≤–æ –¥–Ω–µ–π –≤ –≥–æ–¥ (–Ω–∞–ø—Ä–∏–º–µ—Ä 50). –ß—Ç–æ –±—ã –Ω–µ –±—ã–ª–æ —Å —ç—Ç–∏–º –ø—Ä–æ–±–ª–µ–º. –ü–æ –º–æ–∏–º –ª–∏—á–Ω—ã–º –Ω–∞–±–ª—é–¥–µ–Ω–∏—è–º —Å–æ—Ç—Ä—É–¥–Ω–∏–∫–∏ —á–∞—Å—Ç–æ –∏—Å–ø–æ–ª—å–∑—É—é—Ç home office –≤ –∫–∞—á–µ—Å—Ç–≤–µ —É–¥–∞–ª–µ–Ω–∫–∏, –±–µ–∑ —Ä–µ–∞–ª—å–Ω–æ–π –ø—Ä–∏—á–∏–Ω—ã, –∫–æ–µ–π —è–≤–ª—è–µ—Ç—Å—è –ø–ª–æ—Ö–æ–µ —Å–∞–º–æ—á—É–≤—Å—Ç–≤–∏–µ. –í–µ—Ä–æ—è—Ç–Ω–æ —ç—Ç–æ –ø–æ–∫–∞–∑—ã–≤–∞–µ—Ç —Ä–µ–∞–ª—å–Ω—É—é –ø–æ—Ç—Ä–µ–±–Ω–æ—Å—Ç—å –≤ –≤–æ–∑–º–æ–∂–Ω–æ—Å—Ç–∏ –∏–Ω–æ–≥–¥–∞ —Ä–∞–±–æ—Ç–∞—Ç—å —É–¥–∞–ª–µ–Ω–Ω–æ.
3) –í–æ–∑–º–æ–∂–Ω–æ—Å—Ç—å –±—Ä–∞—Ç—å –æ—Ç–ø—É—Å–∫ –≤ –ª—é–±–æ–µ –≤—Ä–µ–º—è –≤ –≥–æ–¥—É –ø–æ —Å–≤–æ–µ–º—É —É—Å–º–æ—Ç—Ä–µ–Ω–∏—é, –∞ –Ω–µ –≤ —Ñ–∏–∫—Å–∏—Ä–æ–≤–∞–Ω–Ω—ã–µ –ø—Ä–æ–º–µ–∂—É—Ç–∫–∏ –¥–∞—Ç.
4) –ü—Ä–æ–≤–æ–¥–∏—Ç—å –µ–∂–µ–≥–æ–¥–Ω—É—é –∏–Ω–¥–µ–∫—Å–∞—Ü–∏—é –∑–∞—Ä–ø–ª–∞—Ç—ã –æ—Ç–Ω–æ—Å–∏—Ç–µ–ª—å–Ω–æ –∏–Ω—Ñ–ª—è—Ü–∏–∏ –∏ —Ä–µ–∞–ª—å–Ω–æ–≥–æ —Ä–æ—Å—Ç–∞ —Ü–µ–Ω. –ù–µ—Å–º–æ—Ç—Ä—è –Ω–∞ —Ç–æ, —á—Ç–æ –º–æ—è –∑–∞—Ä–ø–ª–∞—Ç–∞ –ø–µ—Ä–∏–æ–¥–∏—á–µ—Å–∫–∏ —Ä–∞—Å—Ç–µ—Ç, —Ä–µ–∞–ª—å–Ω—ã–π —Ä–æ—Å—Ç —Ü–µ–Ω –∏ –∏–∑–º–µ–Ω–µ–Ω–∏—è —ç–∫–æ–Ω–æ–º–∏—á–µ—Å–∫–æ–π —Å–∏—Ç—É–∞—Ü–∏–∏ –¥–µ–ª–∞—é—Ç –µ–µ –∏–∑–º–µ–Ω–µ–Ω–∏—è –Ω–µ —Å—Ç–æ–ª—å –æ—â—É—Ç–∏–º—ã–º–∏. –ù–µ –º–æ–≥—É —Å–∫–∞–∑–∞—Ç—å, —á—Ç–æ –∑–∞ –ø–æ—Å–ª–µ–¥–Ω–∏–π –≥–æ–¥ —É—á–∏—Ç—ã–≤–∞—è —Ä–æ—Å—Ç –º–æ–µ–π –∑–∞—Ä–ø–ª–∞—Ç—ã —è —Å–º–æ–≥ –ø–æ–∑–≤–æ–ª—è—Ç—å —Å–µ–±–µ –±–æ–ª—å—à–µ, —É—á–∏—Ç—ã–≤–∞—è –ø–æ–¥–æ—Ä–æ–∂–∞–Ω–∏–µ –µ–¥—ã, –±–µ–Ω–∑–∏–Ω–∞, —Å—Ç–æ–∏–º–æ—Å—Ç–∏ –æ–¥–µ–∂–¥—ã –∏ –ø—Ä–æ—á–∏—Ö —Ä–∞—Å—Ö–æ–¥–æ–≤. –ò–Ω–¥–µ–∫—Å–∞—Ü–∏—è, –∫–æ—Ç–æ—Ä–∞—è –±—ã–ª–∞ –ø—Ä–æ–≤–µ–¥–µ–Ω–∞ –ø–æ—Å–ª–µ –Ω–∞—á–∞–ª–∞ –°–í–û –±—ã–ª–∞ –æ—á–µ–Ω—å –∫—Å—Ç–∞—Ç–∏.
5) –ü—Ä–æ–≤–æ–¥–∏—Ç—å –±–æ–ª—å—à–µ —Å–æ–≤–º–µ—Å—Ç–Ω—ã—Ö –∞–∫—Ç–∏–≤–Ω–æ—Å—Ç–µ–π, –≥–¥–µ –º–æ–≥—É—Ç —É—á–∞—Å—Ç–≤–æ–≤–∞—Ç—å —Ä–∞–∑–ª–∏—á–Ω—ã–µ –æ—Ç–¥–µ–ª—ã –∫–æ–º–ø–∞–Ω–∏–∏. –ß—Ç–æ –±—ã –Ω–∞—Ä–æ–¥ –æ–±—â–∞–ª—Å—è –∏ –æ—Ç–¥—ã—Ö–∞–ª.

–í –ª—é–±–æ–º —Å–ª—É—á–∞–µ, —Å–ø–∞—Å–∏–±–æ –±–æ–ª—å—à–æ–µ –≤—Å–µ–º—É —Ä—É–∫–æ–≤–æ–¥—Å—Ç–≤—É –∏ –∫–æ–º–∞–Ω–¥–µ hr –∑–∞ –≤—Å–µ —Å—Ç–∞—Ä–∞–Ω–∏—è. –ó–∞ –ø–æ—Å–ª–µ–¥–Ω–∏–π –≥–æ–¥ –ø—Ä–æ–∏–∑–æ—à–ª–æ –º–Ω–æ–≥–æ –≤—Å–µ–≥–æ –ø–æ–∑–∏—Ç–∏–≤–Ω–æ–≥–æ, –∏ —è –±–ª–∞–≥–æ–¥–∞—Ä–µ–Ω –∑–∞ —ç—Ç–∏ –∏–∑–º–µ–Ω–µ–Ω–∏—è :)"
2022-12-01 10:02:20,–†–µ—Å–ø–æ–Ω–¥–µ–Ω—Ç 25,–î–∞,–ù–µ—Ç,–î–∞,–ù–µ—Ç,–î–∞,–ù–µ—Ç,–ù–µ—Ç,–î–∞,–î–∞,–î–∞,–ù–µ—Ç,–ù–µ—Ç,–î–∞,–î–∞,–î–∞,–î–∞,–ù–µ—Ç,–î–∞,–î–∞,–î–∞,–î–∞,–î–∞,–î–∞,"–ü–æ—Ä–∞–¥–æ–≤–∞–ª–∏: –î–ú–°, Skyeng, –∏–Ω–¥–µ–∫—Å–∞—Ü–∏—è –ó–ü.","–ù–µ –Ω—Ä–∞–≤–∏—Ç—Å—è –Ω–µ—Ä–∞–≤–Ω–æ–º–µ—Ä–Ω–æ–µ —Ä–∞—Å–ø—Ä–µ–¥–µ–ª–µ–Ω–∏–µ –∑–∞–¥–∞—á —Å—Ä–µ–¥–∏ —Å–æ—Ç—Ä—É–¥–Ω–∏–∫–æ–≤ –æ—Ç–¥–µ–ª–∞ –∏ –æ—Ç—Å—É—Ç—Å—Ç–≤–∏–µ –ø–æ–Ω–∏–º–∞–Ω–∏—è —Å–∫–æ–ª—å–∫–æ –≤—Ä–µ–º–µ–Ω–∏ –Ω–µ–æ–±—Ö–æ–¥–∏–º–æ –ø–æ—Ç—Ä–∞—Ç–∏—Ç—å –Ω–∞ —ç—Ç—É –∑–∞–¥–∞—á—É, —Å–æ —Å—Ç–æ—Ä–æ–Ω—ã —Ç–µ—Ö –∫—Ç–æ –µ–µ —Å—Ç–∞–≤–∏—Ç (—Ç–æ –µ—Å—Ç—å –∑–∞–¥–∞—á–∏ –≤–Ω—É—Ç—Ä–∏ –æ–¥–Ω–æ–≥–æ –æ—Ç–¥–µ–ª–∞ –º–æ–≥—É—Ç –±—ã—Ç—å —Ä–∞—Å–ø—Ä–µ–¥–µ–ª–µ–Ω—ã –ø–æ –Ω–∞–ø—Ä–∞–≤–ª–µ–Ω–∏—è–º –∑–∞ –∫–æ—Ç–æ—Ä–æ–µ –æ—Ç–≤–µ—á–∞–µ—Ç —Å–æ—Ç—Ä—É–¥–Ω–∏–∫ –∏–ª–∏ –Ω–µ—Å–∫–æ–ª—å–∫–æ —Å–æ—Ç—Ä—É–¥–Ω–∏–∫–æ–≤, —ç—Ç–∏ –∑–∞–¥–∞—á–∏ –º–æ–≥—É—Ç —Å–∏–ª—å–Ω–æ –æ—Ç–ª–∏—á–∞—é—Ç—Å—è –ø–æ –æ–±—ä–µ–º—É, —Å–ª–æ–∂–Ω–æ—Å—Ç–∏ –∏.—Ç.–¥).
–ò–∑-–∑–∞ –æ—Ç—Å—É—Ç—Å—Ç–≤–∏–µ —ç—Ç–æ–≥–æ –ø–æ–Ω–∏–º–∞–Ω–∏—è –≤–æ–∑–Ω–∏–∫–∞—é—Ç —Å–∏—Ç—É–∞—Ü–∏–∏, –∫–æ–≥–¥–∞ –Ω–∞ –∑–∞–¥–∞—á—É –æ–¥–Ω–∏–º —Å–æ—Ç—Ä—É–¥–Ω–∏–∫–∞–º –¥–∞—ë—Ç—Å—è –≤ —Ä–∞–∑—ã –º–µ–Ω—å—à–µ –≤—Ä–µ–º–µ–Ω–∏ —á–µ–º —ç—Ç–æ–≥–æ —Ç—Ä–µ–±—É–µ—Ç—Å—è, –∞ –¥—Ä—É–≥–∏–º —Å–æ—Ç—Ä—É–¥–Ω–∏–∫–∞–º –Ω–∞–æ–±–æ—Ä–æ—Ç –Ω–∞ –∑–∞–¥–∞—á—É –≤—ã–¥–µ–ª—è—é—Ç –±–æ–ª—å—à–µ –≤—Ä–µ–º–µ–Ω–∏ —á–µ–º –æ–Ω–∞ —Ç–æ–≥–æ —Ç—Ä–µ–±—É–µ—Ç –∏ –≤–æ–∑–Ω–∏–∫–∞—é—Ç —Å–∏—Ç—É–∞—Ü–∏–∏ –∫–æ–≥–¥–∞ –æ–¥–Ω–∏ —Ä–∞–±–æ—Ç–∞—é—Ç –≤ 4 —Ä—É–∫–∏ —á—Ç–æ–±—ã –≤–µ—Å—Ç–∏ –æ–¥–Ω–æ–≤—Ä–µ–º–µ–Ω–Ω–æ –Ω–µ—Å–∫–æ–ª—å–∫–æ –∑–∞–¥–∞—á, –∞ –¥—Ä—É–≥–∏–µ –º–æ–≥—É—Ç –ø–æ–ª –¥–Ω—è –ø–∏—Ç—å –∫–æ—Ñ–µ –∏ –¥—É–º–∞—Ç—å –æ –≤–µ—á–Ω–æ–º. –°—É–º–º–∞—Ä–Ω–æ –ø–æ –æ–∫–æ–Ω—á–∞–Ω–∏—é –º–µ—Å—è—Ü–∞ –æ–±–∞ —Å–æ—Ç—Ä—É–¥–Ω–∏–∫–∞ –≤—ã–ø–æ–ª–Ω–∏–ª–∏ –ø—Ä–∏–º–µ—Ä–Ω–æ –æ–¥–∏–Ω–∞–∫–æ–≤–æ–µ –∫–æ–ª–∏—á–µ—Å—Ç–≤–æ –∑–∞–¥–∞—á, –Ω–æ –ö–ü–î —É —ç—Ç–∏—Ö –∑–∞–¥–∞—á —Å–æ–≤–µ—Ä—à–µ–Ω–Ω–æ —Ä–∞–∑–Ω–æ–µ, —Ç–∞–∫ –∂–µ –∫–∞–∫ –∫–æ–ª–∏—á–µ—Å—Ç–≤–æ —Å–∏–ª –Ω–µ–æ–±—Ö–æ–¥–∏–º–æ–µ –¥–ª—è –∏—Ö —Ä–µ–∞–ª–∏–∑–∞—Ü–∏–∏. 
–¢–∞–∫–∂–µ –Ω–µ –Ω—Ä–∞–≤–∏—Ç—Å—è —á—Ç–æ –∑–∞ –Ω–µ—Å–∫–æ–ª—å–∫–æ –ª–µ—Ç —Ä–∞–±–æ—Ç—ã —É –º–µ–Ω—è –Ω–µ—Ç —á–µ—Ç–∫–æ–≥–æ –ø—Ä–µ–¥—Å—Ç–∞–≤–ª–µ–Ω–∏—è –æ –ø–µ—Ä—Å–ø–µ–∫—Ç–∏–≤–∞—Ö –∫–∞—Ä—å–µ—Ä–Ω–æ–≥–æ —Ä–æ—Å—Ç–∞ –∏ –æ –ø–µ—Ä—Å–ø–µ–∫—Ç–∏–≤–∞—Ö —Ä–æ—Å—Ç–∞ –ó–ü, —Ç–æ –µ—Å—Ç—å –Ω–µ—Ç —á–µ—Ç–∫–∏—Ö –∫—Ä–∏—Ç–µ—Ä–∏–µ–≤ –ø–æ –∫–æ—Ç–æ—Ä—ã–º –º–æ–∂–Ω–æ –æ—Ä–∏–µ–Ω—Ç–∏—Ä–æ–≤–∞—Ç—å—Å—è.
–ù–µ –Ω—Ä–∞–≤–∏—Ç—Å—è —á—Ç–æ –∏–Ω–¥–µ–∫—Å–∞—Ü–∏—è –ó–ü –Ω–∞ —É—Ä–æ–≤–µ–Ω—å –∏–Ω—Ñ–ª—è—Ü–∏–∏ –Ω–µ –ø—Ä–æ—Ö–æ–¥–∏—Ç –∫–∞–∂–¥—ã–π –≥–æ–¥, –∫–∞–∫ —ç—Ç–æ –¥–µ–ª–∞–µ—Ç—Å—è –≤–æ –º–Ω–æ–≥–∏—Ö –¥—Ä—É–≥–∏—Ö –∫–æ–º–ø–∞–Ω–∏—è—Ö.
–¢–∞–∫–∂–µ –Ω–µ –Ω—Ä–∞–≤–∏—Ç—Å—è —á—Ç–æ –Ω–∞ –ø–æ—Ä—Ç–∞–ª–µ –¥–ª—è —Å–æ—Ç—Ä—É–¥–Ω–∏–∫–æ–≤ —Ä–µ–¥–∫–æ –ø–æ—è–≤–ª—è—é—Ç—Å—è –Ω–æ–≤—ã–µ –∫–Ω–∏–≥–∏, —Ö–æ—Ç–µ–ª–æ—Å—å –±—ã —Å–¥–µ–ª–∞—Ç—å —Ä–∞—Å–ø—Ä–µ–¥–µ–ª–µ–Ω–∏—è –±–∏–±–ª–∏–æ—Ç–µ–∫–∏ –ø–æ –Ω–∞–ø—Ä–∞–≤–ª–µ–Ω–∏—è–º –∏ –ø–æ–ø–æ–ª–Ω–∏—Ç—å –µ–µ –Ω–æ–≤–æ–π –ª–∏—Ç–µ—Ä–∞—Ç—É—Ä–æ–π.","–ü–æ—Å—Ç–∞–Ω–æ–≤–∫–∞ –∑–∞–¥–∞—á –∏ –∏—Ö —Å–æ–≥–ª–∞—Å–æ–≤–∞–Ω–∏–µ, –ø—Ä–æ—Ö–æ–¥–∏—Ç –∫—Ä–∞–π–Ω–µ –Ω–µ —Ä–∞—Ü–∏–æ–Ω–∞–ª—å–Ω–æ. –ß–∞—Å—Ç–æ –±—ã–≤–∞–µ—Ç, —á—Ç–æ –ø–æ—Å–ª–µ —Ç–æ–≥–æ –∫–∞–∫ —Ç—ã –æ—Ç–ø—Ä–∞–≤–∏—à—å —Ñ–∞–π–ª—ã —Ç–µ–±–µ –ø–∏—à—É—Ç —á—Ç–æ –≤—Å–µ –æ–∫, –º–æ–∂–Ω–æ –¥–µ–ª–∞—Ç—å –¥–∞–ª—å—à–µ. –ê —Å–ø—É—Å—Ç—è 3 –¥–Ω—è –æ–∫–∞–∑—ã–≤–∞–µ—Ç—Å—è —á—Ç–æ –∫—Ç–æ-—Ç–æ –µ—â—ë –ø–æ—Å–º–æ—Ç—Ä–µ–ª, –µ–º—É –Ω–µ –Ω—Ä–∞–≤–∏—Ç—Å—è, –¥–∞–≤–∞–π –ø–µ—Ä–µ–¥–µ–ª–∞–µ–º. –ü–ª–æ—Ö–æ–µ –Ω–∞–ø–æ–ª–Ω–µ–Ω–∏–µ –∑–∞–¥–∞—á –∏–Ω—Ñ–æ—Ä–º–∞—Ü–∏–µ–π, –ø—Ä–∏—Ö–æ–¥–∏—Ç—Å—è –∑–∞–¥–∞—Ç—å –µ—â—ë –º–Ω–æ–≥–æ –¥–æ–ø. –≤–æ–ø—Ä–æ—Å–æ–≤ –¥–ª—è —Ç–æ–≥–æ —á—Ç–æ–±—ã –ø–æ–Ω—è—Ç—å —á—Ç–æ –∏–º–µ–Ω–Ω–æ –Ω—É–∂–Ω–æ —Å–¥–µ–ª–∞—Ç—å, —Å–∞–º–æ–º—É –Ω–∞–ø–æ–ª–Ω–∏—Ç—å –∑–∞–¥–∞—á—É —Å—Å—ã–ª–∫–∞–º–∏ —Ç—Ä–µ–±–æ–≤–∞–Ω–∏—è–º–∏ –∏ –ø—Ä–æ—á–∏–º. ","–í —Ü–µ–ª–æ–º —Ä–∞–±–æ—Ç—É –≤ –ö–∞–º–µ, –º–æ–≥—É –æ—Ü–µ–Ω–∏—Ç—å –∫–∞–∫ –æ—á–µ–Ω—å –∫–æ–º—Ñ–æ—Ä—Ç–Ω—É—é. –ö–ª–∞—Å—Å–Ω—ã–µ —É—Å–ª–æ–≤–∏—è –¥–ª—è —Ä–∞–±–æ—Ç—ã –≤–æ –≤—Å–µ—Ö –æ—Ç–Ω–æ—à–µ–Ω–∏—è—Ö. –ù—Ä–∞–≤–∏—Ç—Å—è —á—Ç–æ –∫–æ–º–ø–∞–Ω–∏—è –∑–∞–±–æ—Ç–∏—Ç—Å—è –æ —Å–æ—Ç—Ä—É–¥–Ω–∏–∫–∞—Ö, –ø–æ—Å—Ç–æ—è–Ω–Ω–æ –¥–≤–∏–∂–µ—Ç—Å—è –≤–ø–µ—Ä–µ–¥. –ü—Ä–∏ –ª—é–±–æ–º —É–¥–æ–±–Ω–æ–º —Å–ª—É—á–∞–µ —Ä–µ–∫–æ–º–µ–Ω–¥—É—é —Ä–∞–±–æ—Ç—É –≤ –ö–∞–º–µ. –°–ø–∞—Å–∏–±–æ! "
2022-12-02 15:43:53,–†–µ—Å–ø–æ–Ω–¥–µ–Ω—Ç 137,–î–∞,–î–∞,–î–∞,–î–∞,–î–∞,–î–∞,–ù–µ—Ç,–î–∞,–î–∞,–î–∞,–ù–µ—Ç,–ù–µ—Ç,–î–∞,–ù–µ—Ç,–ù–µ—Ç,–î–∞,–î–∞,–î–∞,–ù–µ—Ç,–î–∞,–î–∞,–î–∞,–î–∞,–°–º–µ–Ω–∞ –æ—Ñ–∏—Å–∞ –∏ —Ä–∞–±–æ—á–µ–≥–æ –ø—Ä–æ—Å—Ç—Ä–∞–Ω—Å—Ç–≤–∞,–ù–µ –≤—Å–µ–≥–¥–∞ –æ–ø–µ—Ä–∞—Ç–∏–≤–Ω–æ –ø—Ä–∏—Ö–æ–¥–∏—Ç —Ñ–∏—Ç–±–µ–∫ –Ω–∞ –º–æ—é —Ä–∞–±–æ—Ç—É,"–ù–µ –≤—Å–µ–≥–¥–∞ –æ–ø–µ—Ä–∞—Ç–∏–≤–Ω–æ –ø—Ä–∏—Ö–æ–¥–∏—Ç —Ñ–∏—Ç–±–µ–∫ –Ω–∞ –º–æ—é —Ä–∞–±–æ—Ç—É –æ—Ç —Ä—É–∫–æ–≤–æ–¥—Å—Ç–≤–∞, –Ω–µ –≤—Å–µ–≥–¥–∞ –µ—Å—Ç—å –ø–æ–Ω–∏–º–∞–Ω–∏–µ —á—Ç–æ –¥–µ–ª–∞—Ç—å –¥–∞–ª—å—à–µ.",–°–ø–∞—Å–∏–±–æ –∑–∞ –æ–ø—Ä–æ—Å–Ω–∏–∫)
2022-12-05 15:30:13,–†–µ—Å–ø–æ–Ω–¥–µ–Ω—Ç 18,–î–∞,–ù–µ—Ç,–ù–µ—Ç,–î–∞,–ù–µ—Ç,–ù–µ—Ç,–ù–µ—Ç,–î–∞,–î–∞,–î–∞,–ù–µ—Ç,–ù–µ—Ç,–î–∞,–î–∞,–î–∞,–î–∞,–ù–µ—Ç,–î–∞,–ù–µ—Ç,–î–∞,–î–∞,–î–∞,–î–∞,–ù–µ –∑–∞—Å—Ç–∞–ª–∞ –∏–∑–º–µ–Ω–µ–Ω–∏–π ,–û—Ç—Å—É—Ç—Å—Ç–≤–∏–µ —Ñ–∏–¥–±–µ–∫–∞ –æ—Ç —Ä—É–∫–æ–≤–æ–¥—Å—Ç–≤–∞. ,–ù–µ—è—Å–Ω—ã–µ —Ü–µ–ª–∏. –û—Ç—Å—É—Å—Ç–≤–∏–µ —á–µ—Ç–∫–∏—Ö –¥–µ–¥–ª–∞–π–Ω–æ–≤. –ù–∞–ø—Ä—è–∂–µ–Ω–Ω–∞—è –∞—Ç–º–æ—Å—Ñ–µ—Ä–∞ –≤ –∫–æ–º–∞–Ω–¥–µ,
2022-12-02 16:42:04,–†–µ—Å–ø–æ–Ω–¥–µ–Ω—Ç 146,–î–∞,–ù–µ—Ç,–î–∞,–î–∞,–ù–µ—Ç,–î–∞,–î–∞,–î–∞,–î–∞,–î–∞,–ù–µ—Ç,–ù–µ—Ç,–ù–µ—Ç,–ù–µ—Ç,–î–∞,–î–∞,–î–∞,–î–∞,–î–∞,–î–∞,–î–∞,–ù–µ—Ç,–î–∞,,,,
2022-12-14 15:54:33,–†–µ—Å–ø–æ–Ω–¥–µ–Ω—Ç 42,–î–∞,–î–∞,–î–∞,–î–∞,–î–∞,–î–∞,–î–∞,–î–∞,–ù–µ—Ç,–î–∞,–î–∞,–î–∞,–î–∞,–î–∞,–î–∞,–î–∞,–î–∞,–î–∞,–î–∞,–î–∞,–î–∞,–î–∞,–î–∞,,,,
2022-12-05 17:56:21,–†–µ—Å–ø–æ–Ω–¥–µ–Ω—Ç 162,–î–∞,–î–∞,–î–∞,–î–∞,–î–∞,–î–∞,–î–∞,–î–∞,–î–∞,–î–∞,–î–∞,–î–∞,–î–∞,–î–∞,–î–∞,–î–∞,–î–∞,–î–∞,–î–∞,–î–∞,–î–∞,–î–∞,–î–∞,–î–æ–ª–≥–æ–∂–¥–∞–Ω–Ω—ã–π –ø–µ—Ä–µ–µ–∑–¥ –æ—Ñ–∏—Å–∞). –£–≤–µ–ª–∏—á–µ–Ω–∏–µ –∑–∞—Ä–ø–ª–∞—Ç),–í—ã–±–æ—Ä –ø–µ—á–µ–Ω–µ–∫.,–Ω–µ—Ç,
2022-12-02 12:59:27,–†–µ—Å–ø–æ–Ω–¥–µ–Ω—Ç 122,–ù–µ—Ç,–î–∞,–î–∞,–î–∞,–î–∞,–ù–µ—Ç,–î–∞,–î–∞,–î–∞,–ù–µ—Ç,–ù–µ—Ç,–ù–µ—Ç,–ù–µ—Ç,–ù–µ—Ç,–î–∞,–î–∞,–î–∞,–î–∞,–î–∞,–î–∞,–ù–µ—Ç,–î–∞,–î–∞,"–û—Ñ–∏—Å, –î–ú–°, –Ø—Å–Ω–æ. –∏ —Ç–æ, —á—Ç–æ –º—ã –∏–∑ –∞–ª—è-—Å—Ç–∞—Ä—Ç–∞–ø–Ω–æ–π –∫–æ–º–ø–∞–Ω–∏–∏ –ø–æ—á—Ç–∏ –ø—Ä–µ–≤—Ä–∞—Ç–∏–ª–∏—Å—å –≤ –±–æ–ª–µ–µ —Å—Ç—Ä—É–∫—Ç—É—Ä–∏—Ä–æ–≤–∞–Ω–Ω—É—é, –ª—É—á—à–µ –∑–Ω–∞—é—â—É—é –∫—É–¥–∞ –∏ –∫–∞–∫ –¥–≤–∏–≥–∞—Ç—å—Å—è, –∫–æ–º–ø–∞–Ω–∏—é. –≤ –∫–æ—Ç–æ—Ä–æ–π –≤—Å—ë —ç—Ñ—Ñ–µ–∫—Ç–∏–≤–Ω–µ–µ –∏ —ç—Ñ—Ñ–µ–∫—Ç–∏–≤–Ω–µ–µ –∏—Å–ø–æ–ª—å–∑—É–µ—Ç—Å—è —Ä–µ—Å—É—Ä—Å –µ—ë –ø—Ä–æ—Ñ–µ—Å—Å–∏–æ–Ω–∞–ª–æ–≤",–º–∞–ª–æ –∫–æ—Ä–ø–æ—Ä–∞—Ç–∏–≤–æ–≤ –∏ –∏—Ö –º–∞—Å—à—Ç–∞–±,"–¥—É–º–∞—é, —á—Ç–æ –∫–æ–º–ø–∞–Ω–∏–∏ –µ—Å—Ç—å –µ—â—ë –∫—É–¥–∞ —Ä–∞–∑–≤–∏—Ç—å—Å—è –≤ —Ç–æ–º, —á—Ç–æ–±—ã –ª—É—á—à–µ –ø–µ—Ä–µ–¥–∞–≤–∞—Ç—å —ç–∫—Å–ø–µ—Ä—Ç–Ω—ã–π –æ–ø—ã—Ç –æ—Ç —Å–æ—Ç—Ä—É–¥–Ω–∏–∫–∞ –∫ —Å–æ—Ç—Ä—É–¥–Ω–∏–∫—É, –æ—Ç –∫–æ–º–∞–Ω–¥—ã –∫ –∫–æ–º–∞–Ω–¥–µ",–°–ø–∞—Å–∏–±–æ!:)
2022-12-02 15:46:29,–†–µ—Å–ø–æ–Ω–¥–µ–Ω—Ç 140,–î–∞,–î–∞,–î–∞,–î–∞,–î–∞,–î–∞,–î–∞,–î–∞,–ù–µ—Ç,–î–∞,–ù–µ—Ç,–ù–µ—Ç,–î–∞,–ù–µ—Ç,–ù–µ—Ç,–ù–µ—Ç,–ù–µ—Ç,–î–∞,–î–∞,–î–∞,–î–∞,–ù–µ—Ç,–î–∞,–µ—â–µ –Ω–µ –ø—Ä–æ—Ä–∞–±–æ—Ç–∞–ª –≥–æ–¥),,,
2022-12-02 15:31:27,–†–µ—Å–ø–æ–Ω–¥–µ–Ω—Ç 135,–î–∞,–î–∞,–ù–µ—Ç,–î–∞,–î–∞,–î–∞,–î–∞,–î–∞,–î–∞,–î–∞,–ù–µ—Ç,–î–∞,–î–∞,–ù–µ—Ç,–î–∞,–ù–µ—Ç,–î–∞,–î–∞,–î–∞,–î–∞,–î–∞,–î–∞,–î–∞,–ö–æ–Ω—Ñ–µ—Ä–µ–Ω—Ü–∏—è –∫–æ–º–ø–∞–Ω–∏–∏ ‚Äî –æ—á–µ–Ω—å —Ö–æ—Ä–æ—à–µ–µ –º–µ—Ä–æ–ø—Ä–∏—è—Ç–∏–µ!,,,
2022-12-01 10:01:53,–†–µ—Å–ø–æ–Ω–¥–µ–Ω—Ç 30,–î–∞,–î–∞,–î–∞,–î–∞,–î–∞,–î–∞,–î–∞,–î–∞,–î–∞,–î–∞,–ù–µ—Ç,–ù–µ—Ç,–ù–µ—Ç,–î–∞,–ù–µ—Ç,–ù–µ—Ç,–î–∞,–î–∞,–î–∞,–î–∞,–î–∞,–î–∞,–î–∞,"–£—Å—Ç—Ä–æ–∏–ª—Å—è –º–µ–Ω–µ–µ –≥–æ–¥–∞ –Ω–∞–∑–∞–¥, —Å —ç—Ç–æ–≥–æ –ø–µ—Ä–∏–æ–¥–∞ –≤—Å—ë –ø—Ä–∏–º–µ—Ä–Ω–æ —Ä–æ–≤–Ω–æ","–ö–ª–∞—Å—Å–∏–∫–∞: –Ω–µ –Ω—Ä–∞–≤–∏—Ç—Å—è –æ—Ç—Å—É—Ç—Å—Ç–≤–∏–µ –≤–æ–∑–º–æ–∂–Ω–æ—Å—Ç–∏ –∏–∑—Ä–µ–¥–∫–∞ —Ä–∞–±–æ—Ç–∞—Ç—å —É–¥–∞–ª—ë–Ω–Ω–æ. –†–∞–±–æ—Ç–∞—Ç—å —Ç—É—Ç –≤ –æ—Ñ–∏—Å–µ –∫–∞–∫ —Ä–∞–∑ –æ—á–µ–Ω—å –Ω—Ä–∞–≤–∏—Ç—Å—è –∏ –Ω–∞ —É–¥–∞–ª—ë–Ω–∫—É –≤–æ–æ–±—â–µ –Ω–µ —Ö–æ—á–µ—Ç—Å—è: –æ–±—â–µ–Ω–∏–µ, –≤–æ–ø—Ä–æ—Å—ã —Ä–µ—à–∞—é—Ç—Å—è –±—ã—Å—Ç—Ä–µ–µ, –∫–∞—à–∞ –∏ –Ω–∞–ø–∏—Ç–∫–∏ —Å–∞–º–æ —Å–æ–±–æ–π, –Ω–æ –∏–Ω–æ–≥–¥–∞ —Ö–æ—Ç–µ–ª–æ—Å—å –±—ã –∏–º–µ—Ç—å –≤–æ–∑–º–æ–∂–Ω–æ—Å—Ç—å –¥–µ–Ω—å –¥–≤–∞ –ø–æ—Ä–∞–±–æ—Ç–∞—Ç—å —É–¥–∞–ª—ë–Ω–Ω–æ –ø–æ –ª–∏—á–Ω—ã–º –ø—Ä–∏—á–∏–Ω–∞–º. –ù–∞–ø—Ä–∏–º–µ—Ä –∫–∞–∫–∞—è-—Ç–æ —Å—Ö–µ–º–∞ –∫–∞–∫ —Å –î—ç–π –æ—Ñ—Ñ - –≤ –∫–≤–∞—Ä—Ç–∞–ª –¥–æ—Å—Ç—É–ø–Ω–æ N –¥–Ω–µ–π —É–¥–∞–ª—ë–Ω–Ω–æ (–∫ –ø—Ä–∏–º–µ—Ä—É) —á—Ç–æ–± –Ω–∏–∫—Ç–æ –Ω–µ –∑–ª–æ—É–ø–æ—Ç—Ä–µ–±–ª—è–ª —ç—Ç–æ–π –≤–æ–∑–º–æ–∂–Ω–æ—Å—Ç—å—é.
–ù—É –∏ –≤—Ç–æ—Ä–∞—è –∫–ª–∞—Å—Å–∏–∫–∞ - —Ñ–∏–∫—Å–∏—Ä–æ–≤–∞–Ω–Ω—ã–µ –æ—Ç–ø—É—Å–∫–∞. –ü–æ–∫–∞ —Ä–∞–Ω–æ —Å—É–¥–∏—Ç—å, —Å—Ç–∞–∂ –º–µ–Ω—å—à–µ –≥–æ–¥–∞, –Ω–æ –≤ —Ü–µ–ª–æ–º –º–Ω–µ –∫–∞–∂–µ—Ç—Å—è —ç—Ç–æ –≤ –¥–∞–ª—å–Ω–µ–π—à–µ–º –±—É–¥–µ—Ç –≤—ã–∑—ã–≤–∞—Ç—å –Ω–µ—É–¥–æ–±—Å—Ç–≤–∞. –ù–æ –Ω–∞ —Ñ–æ–Ω–µ –ø–µ—Ä–≤–æ–≥–æ –º–∏–Ω—É—Å–∞ —ç—Ç–æ –Ω–µ —Ç–∞–∫ –∫—Ä–∏—Ç–∏—á–Ω–æ.",–Ω–µ—Ç,"–û—Ñ–∏—Å –∫–∞–∫–æ–π-—Ç–æ –Ω–µ–∂–∏–≤–æ–π —É –Ω–∞—Å —Å—Ç–∞–ª –æ—Ç–Ω–æ—Å–∏—Ç–µ–ª—å–Ω–æ –ù–æ–≤–æ–∫—É–∑–Ω–µ—Ü–∫–æ–π( –ø–ª–æ—â–∞–¥—å –æ–≥—Ä–æ–º–Ω–∞—è, –Ω–∞—Ä–æ–¥–∞ –º–µ–Ω—å—à–µ –∏ –≤—Å—ë –≤—Å—ë —Å–µ—Ä–æ–µ. –ó–æ–Ω—ã –æ—Ç–¥—ã—Ö–∞ –∏–ª–∏ –ø—É—Ñ–∏–∫–æ–≤ –Ω–µ –ø–æ—è–≤–∏–ª–æ—Å—å. –•–æ–ª–æ–¥–∏–ª—å–Ω–∏–∫ —Å—Ç–∞–ª –≤ —Ç—Ä–∏ —Ä–∞–∑–∞ –º–µ–Ω—å—à–µ: —Ä–∞–Ω—å—à–µ –∫–æ–ª—É –º–æ–∂–Ω–æ –±—ã–ª–æ –≤–∑—è—Ç—å –≤ –ª—é–±–æ–µ –≤—Ä–µ–º—è —Å—É—Ç–æ–∫, —Å–µ–π—á–∞—Å –æ–Ω–∞ –æ–±—ã—á–Ω–æ —Ç–æ–ª—å–∫–æ –ø–∞—Ä—É —á–∞—Å–æ–≤ —Å—Ä–µ–¥–∏ –¥–Ω—è –¥–æ—Å—Ç—É–ø–Ω–∞. –°—Ç–∞—Ä–∞—é—Å—å –º–µ–Ω—å—à–µ –ø–∏—Ç—å –≥–∞–∑–∏—Ä–æ–≤–∫–∏, –Ω–æ –∏–Ω–æ–≥–¥–∞ –±–ª–∏–∂–µ –∫ –∫–æ–Ω—Ü—É —Ä–∞–±–æ—á–µ–≥–æ –¥–Ω—è —Ö–æ—á–µ—Ç—Å—è –ø–æ–¥–∑–∞—Ä—è–¥–∏—Ç—å—Å—è —ç–Ω–µ—Ä–≥–∏–µ–π)) 
–ò –Ω–∞ –ø–æ—Ä—Ç–∞–ª–µ –∏–Ω—Ñ–æ—Ä–º–∞—Ü–∏—è –ø–æ —Å–æ—Ç—Ä—É–¥–Ω–∏–∫–∞–º —Å—Ç–∞–ª–∞ –º–∞–ª–æ –∞–∫—Ç—É–∞–ª—å–Ω–∞—è. –û—Ç—Å—É—Ç—Å—Ç–≤—É—é—Ç –º–Ω–æ–≥–∏–µ —Å—Ç–∞—Ä–æ–∂–∏–ª—ã, –∫–æ—Ç–æ—Ä—ã–µ –ø–µ—Ä–µ–≤–µ–ª–∏—Å—å –Ω–∞ —É–¥–∞–ª—ë–Ω–∫—É. –ü—Ä–∏ —ç—Ç–æ–º –ø—Ä–∏—Å—É—Ç—Å—Ç–≤—É—é—Ç –¥–∞–≤–Ω–æ —É–≤–æ–ª–∏–≤—à–∏–µ—Å—è —Å–æ—Ç—Ä—É–¥–Ω–∏–∫–∏ –∏–ª–∏ —Ç–æ–ª—å–∫–æ —á—Ç–æ —É—Å—Ç—Ä–æ–∏–≤—à–∏–µ—Å—è —É–¥–∞–ª—ë–Ω—â–∏–∫–∏.

–ê —Ç–∞–∫ –≤ –æ—Å—Ç–∞–ª—å–Ω–æ–º –≤—Å—ë —Ö–æ—Ä–æ—à–æ! ;)"
2022-11-30 17:38:43,–†–µ—Å–ø–æ–Ω–¥–µ–Ω—Ç 77,–î–∞,–î–∞,–î–∞,–î–∞,–î–∞,–ù–µ—Ç,–î–∞,–î–∞,–î–∞,–î–∞,–ù–µ—Ç,–ù–µ—Ç,–ù–µ—Ç,–î–∞,–î–∞,–î–∞,–ù–µ—Ç,–ù–µ—Ç,–ù–µ—Ç,–î–∞,–î–∞,–î–∞,–î–∞," –î–ú–°, —Ñ–∞–∫—Ç –ø–µ—Ä–µ–µ–∑–¥–∞",–ù–µ –Ω–∞–ª–∞–∂–µ–Ω—ã —Ä–∞–±–æ—á–∏–µ –ø—Ä–æ—Ü–µ—Å—Å—ã –Ω–∞ —É–¥–∞–ª–µ–Ω–∫–µ,–Ω–µ—Ç,
2022-12-14 16:33:16,–†–µ—Å–ø–æ–Ω–¥–µ–Ω—Ç 23,–î–∞,–ù–µ—Ç,–î–∞,–ù–µ—Ç,–ù–µ—Ç,–î–∞,–ù–µ—Ç,–î–∞,–î–∞,–î–∞,–î–∞,–î–∞,–ù–µ—Ç,–î–∞,–ù–µ—Ç,–î–∞,–î–∞,–î–∞,–î–∞,–î–∞,–î–∞,–ù–µ—Ç,–ù–µ—Ç,,,,
2022-11-30 17:02:45,–†–µ—Å–ø–æ–Ω–¥–µ–Ω—Ç 60,–î–∞,–î–∞,–ù–µ—Ç,–î–∞,–î–∞,–ù–µ—Ç,–î–∞,–î–∞,–ù–µ—Ç,–î–∞,–î–∞,–î–∞,–î–∞,–î–∞,–ù–µ—Ç,–î–∞,–î–∞,–î–∞,–î–∞,–ù–µ—Ç,–ù–µ—Ç,–ù–µ—Ç,–î–∞,,–∑–∞–±—Ä–∞–ª–∏ —Å–∞–º—É—é –Ω—É–∂–Ω—É—é –ø–ª—é—à–∫—É –¥–ª—è —É–µ—Ö–∞–≤—à–∏—Ö –∏–∑ —Å—Ç—Ä–∞–Ω—ã - –ø—Å–∏—Ö–æ–ª–æ–≥ –≤ —è—Å–Ω–æ.,"–º–µ–¥–ª–µ–Ω–Ω—ã–π –∏ –Ω–µ—Å—Ç–∞–±–∏–ª—å–Ω—ã–π vpn
–º–µ–¥–ª–µ–Ω–Ω–∞—è —Ä–∞–±–æ—Ç–∞ wiki –∏ jira",–≤–µ—Ä–Ω–∏—Ç–µ —Å–µ—Ä–≤–∏—Å —è—Å–Ω–æ
2022-12-05 13:03:11,–†–µ—Å–ø–æ–Ω–¥–µ–Ω—Ç 164,–ù–µ—Ç,–î–∞,–ù–µ—Ç,–ù–µ—Ç,–î–∞,–î–∞,–ù–µ—Ç,–î–∞,–î–∞,–ù–µ—Ç,–ù–µ—Ç,–ù–µ—Ç,–ù–µ—Ç,–ù–µ—Ç,–ù–µ—Ç,–î–∞,–î–∞,–î–∞,–î–∞,–î–∞,–ù–µ—Ç,–ù–µ—Ç,–î–∞,–î–º—Å,"–ù–µ—Ç –ø–æ–Ω–∏–º–∞–Ω–∏—è, –ø—Ä–∏–Ω–æ—Å–∏—Ç –ª–∏ –º–æ—è —Ä–∞–±–æ—Ç–∞ –ø–æ–ª—å–∑—É –∫–æ–º–ø–∞–Ω–∏–∏",–î–∞,"–û—á–µ–Ω—å —Ö–æ—á–µ—Ç—Å—è 1) –±–æ–ª—å—à–µ –∫–æ–º–º—É–Ω–∏–∫–∞—Ü–∏–∏ –º–µ–∂–¥—É –æ—Ç–¥–µ–ª–∞–º–∏ 2) –∫–∞–∫–æ–π-—Ç–æ —Ä–µ—Å—É—Ä—Å (—á–∞—Ç, –ø–æ—Ä—Ç–∞–ª –∏–ª–∏ –∏–Ω–æ–µ), –≥–¥–µ –º–æ–∂–Ω–æ —É–∑–Ω–∞—Ç—å –ø—Ä–æ —Ç–µ—Ö–Ω–∏—á–µ—Å–∫–∏–µ –Ω–∞–≤—ã–∫–∏ –∫–æ–ª–ª–µ–≥. –ü–æ—Ä–æ–π –æ—á–µ–Ω—å –Ω—É–∂–Ω–∞ –ø–æ–º–æ—â—å —Å –∫–∞–∫–æ–π-—Ç–æ –ø—Ä–æ–≥—Ä–∞–º–º–æ–π, –Ω–∞–ø—Ä–∏–º–µ—Ä, –Ω–æ —ç—Ç–æ –Ω–µ —è–≤–ª—è–µ—Ç—Å—è –ø—Ä—è–º—ã–º–∏ –æ–±—è–∑–∞–Ω–Ω–æ—Å—Ç—è–º–∏ —Å–æ—Ç—Ä—É–¥–Ω–∏–∫–æ–≤. 
–í–æ–∑–º–æ–∂–Ω–æ, –∫—Ç–æ-—Ç–æ –æ–±–ª–∞–¥–∞–µ—Ç —Ç–∞–∫–∏–º –Ω–∞–≤—ã–∫–æ–º —Å –ø—Ä–æ—à–ª–æ–π —Ä–∞–±–æ—Ç—ã –∏–ª–∏ –∏–∑—É—á–∞–ª –¥–ª—è —Å–µ–±—è, –Ω–æ –æ–± —ç—Ç–æ–º –ø—Ä–∞–∫—Ç–∏—á–µ—Å–∫–∏ –Ω–µ–≤–æ–∑–º–æ–∂–Ω–æ —É–∑–Ω–∞—Ç—å:( –û—á–∫–Ω—å –±—ã –ø—Ä–∏–≥–æ–¥–∏–ª–æ—Å—å. 2)–±–æ–ª—å—à–µ –ø–æ–ª–µ–∑–Ω–æ–≥–æ –ø–∏—Ç–∞–Ω–∏—è –Ω–∞ –∫—É—Ö–Ω–µ, –∞ –Ω–µ –ø—Ä–æ—Å—Ç–æ –≥–æ—Ä—ã –ø–µ—á–µ–Ω—å—è (–æ–≤–æ—â–µ–π, –æ–±—ã—á–Ω–æ–≥–æ –∫–µ—Ñ–∏—Ä–∞ –∏–ª–∏ —Ç–≤–æ—Ä–æ–∂–∫–æ–≤ –±–µ–∑ —Å–∞—Ö–∞—Ä–∞) –∏ –≤–∫—É—Å–Ω–æ–≥–æ –∫–æ—Ñ–µ. –°–≤–∞—Ä—â–∏—Ü—É –ï–∫–∞—Ç–µ—Ä–∏–Ω—É –ø–∏—Ç—å –Ω–µ–≤–æ–∑–º–æ–∂–Ω–æ ( –ª—é–±–æ–π –∏–∑ –≤–∫—É—Å–æ–≤ "
2022-12-05 13:19:40,–†–µ—Å–ø–æ–Ω–¥–µ–Ω—Ç 166,–î–∞,–î–∞,–î–∞,–î–∞,–î–∞,–î–∞,–î–∞,–î–∞,–ù–µ—Ç,–î–∞,–î–∞,–î–∞,–ù–µ—Ç,–î–∞,–î–∞,–î–∞,–ù–µ—Ç,–î–∞,–î–∞,–î–∞,–ù–µ—Ç,–î–∞,–î–∞,,,,
2022-11-30 19:51:31,–†–µ—Å–ø–æ–Ω–¥–µ–Ω—Ç 91,–î–∞,–î–∞,–î–∞,–î–∞,–î–∞,–ù–µ—Ç,–ù–µ—Ç,–ù–µ—Ç,–ù–µ—Ç,–î–∞,–î–∞,–î–∞,–î–∞,–ù–µ—Ç,–î–∞,–ù–µ—Ç,–ù–µ—Ç,–î–∞,–î–∞,–î–∞,–î–∞,–ù–µ—Ç,–î–∞,,,,
2022-12-02 12:48:08,–†–µ—Å–ø–æ–Ω–¥–µ–Ω—Ç 111,–î–∞,–î–∞,–î–∞,–ù–µ—Ç,–î–∞,–î–∞,–ù–µ—Ç,–î–∞,–î–∞,–î–∞,–î–∞,–î–∞,–î–∞,–î–∞,–î–∞,–ù–µ—Ç,–ù–µ—Ç,–î–∞,–î–∞,–î–∞,–î–∞,–î–∞,–î–∞,,,,
2022-11-30 16:53:22,–†–µ—Å–ø–æ–Ω–¥–µ–Ω—Ç 16,–î–∞,–î–∞,–ù–µ—Ç,–ù–µ—Ç,–î–∞,–î–∞,–î–∞,–î–∞,–î–∞,–ù–µ—Ç,–ù–µ—Ç,–ù–µ—Ç,–î–∞,–ù–µ—Ç,–ù–µ—Ç,–î–∞,–ù–µ—Ç,–î–∞,–î–∞,–î–∞,–ù–µ—Ç,–ù–µ—Ç,–î–∞,"–Ω–æ–≤—ã–π –æ—Ñ–∏—Å, –º–µ—Ä–æ–ø—Ä–∏—è—Ç–∏—è –Ω–∞–ø—Ä–∞–≤–ª–µ–Ω–Ω—ã–µ –Ω–∞ –æ–±—É—á–µ–Ω–∏–µ (–Ω–æ –æ–Ω–∏ –±—ã–ª–∏ –µ–¥–∏–Ω–æ–∂–¥—ã), –º–µ—Ä–æ–ø—Ä–∏—è—Ç–∏—è –Ω–∞–ø—Ä–∞–≤–ª–µ–Ω–Ω—ã–µ –Ω–∞ –æ–±—â–µ–Ω–∏–µ —Ä—É–∫–æ–≤–æ–¥—Å—Ç–≤–∞ —Å —Å–æ—Ç—Ä—É–¥–Ω–∏–∫–∞–º–∏ (—Ç–æ–∂–µ –±—ã—Å—Ç—Ä–æ –∑–∞–∫–æ–Ω—á–∏–ª–æ—Å—å), —Ö–æ—Ä–æ—à–∏–π –ª–µ—Ç–Ω–∏–π –∫–æ—Ä–ø–æ—Ä–∞—Ç–∏–≤.","–ù–µ—Å–ª–∞–∂–µ–Ω–Ω–æ–µ –≤–∑–∞–∏–º–æ–¥–µ–π—Å—Ç–≤–∏–µ –º–µ–∂–¥—É –æ—Ç–¥–µ–ª–∞–º–∏, –ø—Ä–æ–±–ª–µ–º—ã –≤ —Ä–∞–±–æ—á–∏—Ö –ø—Ä–æ—Ü–µ—Å—Å–∞—Ö","–ü–ª–æ—Ö–æ–µ –≤–∑–∞–∏–º–æ–¥–µ–π—Å—Ç–≤–∏–µ –º–µ–∂–¥—É –æ—Ç–¥–µ–ª–∞–º–∏ (–∫–æ–º–º—É–Ω–∏–∫–∞—Ü–∏—è —Å—Ç—Ä–∞–¥–∞–µ—Ç), –æ—Ç—Å—É—Ç—Å—Ç–≤–∏–µ –ø–ª–∞–Ω–∏—Ä–æ–≤–∞–Ω–∏—è –∏ –ø—Ä–∏–¥–µ—Ä–∂–∞–Ω–Ω–æ—Å—Ç–∏ —Å—Ä–æ–∫–∞–º.",–í—ã –º–æ–ª–æ–¥—Ü—ã! :D
2022-12-02 19:36:46,–†–µ—Å–ø–æ–Ω–¥–µ–Ω—Ç 150,–î–∞,–î–∞,–î–∞,–î–∞,–î–∞,–ù–µ—Ç,–î–∞,–î–∞,–î–∞,–î–∞,–ù–µ—Ç,–ù–µ—Ç,–ù–µ—Ç,–î–∞,–î–∞,–î–∞,–î–∞,–î–∞,–î–∞,–î–∞,–î–∞,–î–∞,–î–∞,—è —Ä–∞–±–æ—Ç–∞—é —Ç–æ–ª—å–∫–æ –º–µ—Å—è—Ü,–Ω–µ—Ç —Ö–ª–µ–±–∞ –Ω–∞ –∫—É—Ö–Ω–µ,,
2022-11-30 16:49:11,–†–µ—Å–ø–æ–Ω–¥–µ–Ω—Ç 47,–î–∞,–î–∞,–î–∞,–î–∞,–î–∞,–î–∞,–î–∞,–î–∞,–î–∞,–î–∞,–î–∞,–î–∞,–î–∞,–î–∞,–î–∞,–î–∞,–î–∞,–î–∞,–î–∞,–î–∞,–î–∞,–î–∞,–î–∞,"–í–Ω–µ–¥—Ä–µ–Ω–∏–µ –≤–µ–ª–∫–æ–º-—Ç—Ä–µ–Ω–∏–Ω–≥–æ–≤, –ø—Ä–æ—Ü–µ—Å—Å–∞ –æ–Ω–±–æ—Ä–¥–∏–Ω–≥–∞
–ó–∞–ø—É—Å–∫ –ø–∏–ª–æ—Ç–Ω—ã—Ö —Ç—Ä–µ–Ω–∏–Ω–≥–æ–≤",,–ü–æ—Å—Ç–æ—è–Ω–Ω–∞—è –Ω–∞–∫–ª–∞–¥–∫–∞ –Ω–æ–≤—ã—Ö –∑–∞–¥–∞—á –Ω–∞ —Å—É—â–µ—Å—Ç–≤—É—é—â–∏–µ,
2022-12-02 12:47:52,–†–µ—Å–ø–æ–Ω–¥–µ–Ω—Ç 110,–î–∞,–î–∞,–î–∞,–î–∞,–î–∞,–ù–µ—Ç,–î–∞,–î–∞,–ù–µ—Ç,–î–∞,–î–∞,–ù–µ—Ç,–î–∞,–ù–µ—Ç,–î–∞,–î–∞,–î–∞,–î–∞,–î–∞,–î–∞,–î–∞,–î–∞,–î–∞,,,,
2022-11-30 18:41:17,–†–µ—Å–ø–æ–Ω–¥–µ–Ω—Ç 86,–î–∞,–î–∞,–î–∞,–î–∞,–î–∞,–î–∞,–î–∞,–î–∞,–î–∞,–î–∞,–î–∞,–î–∞,–î–∞,–î–∞,–ù–µ—Ç,–ù–µ—Ç,–ù–µ—Ç,–î–∞,–î–∞,–î–∞,–î–∞,–î–∞,–î–∞,,,,
2022-12-02 15:04:06,–†–µ—Å–ø–æ–Ω–¥–µ–Ω—Ç 59,–î–∞,–î–∞,–î–∞,–î–∞,–î–∞,–î–∞,–î–∞,–î–∞,–î–∞,–î–∞,–î–∞,–ù–µ—Ç,–î–∞,–î–∞,–î–∞,–î–∞,–î–∞,–î–∞,–î–∞,–ù–µ—Ç,–î–∞,–î–∞,–î–∞,,,,
2022-11-30 17:56:13,–†–µ—Å–ø–æ–Ω–¥–µ–Ω—Ç 78,–î–∞,–î–∞,–î–∞,–î–∞,–î–∞,–î–∞,–î–∞,–î–∞,–î–∞,–î–∞,–î–∞,–î–∞,–î–∞,–î–∞,–î–∞,–î–∞,–î–∞,–î–∞,–ù–µ—Ç,–ù–µ—Ç,–î–∞,–î–∞,–î–∞,"–ù–æ–≤—ã–π –æ—Ñ–∏—Å, –ø–æ—è–≤–∏–ª–∏—Å—å –ø—Ä–æ—Ü–µ—Å—Å—ã",,,–°–æ–Ω—è <3
2022-12-02 12:54:34,–†–µ—Å–ø–æ–Ω–¥–µ–Ω—Ç 119,–î–∞,–î–∞,–î–∞,–î–∞,–î–∞,–î–∞,–î–∞,–î–∞,–î–∞,–î–∞,–î–∞,–î–∞,–î–∞,–î–∞,–î–∞,–î–∞,–î–∞,–î–∞,–î–∞,–ù–µ—Ç,–î–∞,–î–∞,–î–∞,,,,
2022-12-02 12:49:28,–†–µ—Å–ø–æ–Ω–¥–µ–Ω—Ç 116,–î–∞,–î–∞,–î–∞,–î–∞,–î–∞,–î–∞,–î–∞,–î–∞,–ù–µ—Ç,–î–∞,–î–∞,–î–∞,–î–∞,–î–∞,–î–∞,–î–∞,–î–∞,–î–∞,–î–∞,–î–∞,–î–∞,–ù–µ—Ç,–î–∞,,,–¥–∞,
2022-11-30 16:48:49,–†–µ—Å–ø–æ–Ω–¥–µ–Ω—Ç 40,–î–∞,–î–∞,–î–∞,–î–∞,–î–∞,–î–∞,–î–∞,–î–∞,–î–∞,–î–∞,–ù–µ—Ç,–ù–µ—Ç,–ù–µ—Ç,–î–∞,–î–∞,–ù–µ—Ç,–ù–µ—Ç,–î–∞,–î–∞,–î–∞,–î–∞,–î–∞,–î–∞,"–ò–∑–º–µ–Ω–µ–Ω–∏—è, –∫–æ—Ç–æ—Ä—ã–µ —è —É—Å–ø–µ–ª –ø–µ—Ä–µ–∂–∏—Ç—å - —ç—Ç–æ –ø–µ—Ä–µ–µ–∑–¥ –≤ –¥—Ä—É–≥–æ–π –æ—Ñ–∏—Å. –í —Ü–µ–ª–æ–º —Å—Ç–∞—Ä–∞—é—Å—å –ø–æ–ª—å–∑–æ–≤–∞—Ç—å—Å—è –≤—Å–µ–º–∏ –ø—Ä–∏–≤–∏–ª–µ–≥–∏—è–º–∏ –∏ –≤–æ–∑–º–æ–∂–Ω–æ—Å—Ç—è–º–∏ –∫–æ–º–ø–∞–Ω–∏–∏ –¥–ª—è –ª–∏—á–Ω–æ—Å—Ç–Ω–æ–≥–æ –∏ –ø—Ä–æ—Ñ–µ—Å—Å–∏–æ–Ω–∞–ª—å–Ω–æ–≥–æ —Ä–æ—Å—Ç–∞: —Å–ø–æ—Ä—Ç (—Ñ—É—Ç–±–æ–ª, –ø–∞–¥–µ–ª), –î–ú–°, SkyEng, —Å–æ–≤–º–µ—Å—Ç–Ω—ã–µ –±–∏–∑–Ω–µ—Å –ª–∞–Ω—á–∏ (–Ω–æ –æ–Ω–∏ —É–∂–µ –∑–∞–∫–æ–Ω—á–∏–ª–∏—Å—å)","–ù—Ä–∞–≤–∏—Ç—Å—è –∞–±—Å–æ–ª—é—Ç–Ω–æ –≤—Å–µ, –¥–æ–≤–æ–ª–µ–Ω –Ω–∞ –º–∞–∫—Å–∏–º—É–º",–Ω–µ—Ç,–í—Å–µ —Å—É–ø–µ—Ä!)
2022-12-01 08:18:52,–†–µ—Å–ø–æ–Ω–¥–µ–Ω—Ç 95,–î–∞,–î–∞,–î–∞,–î–∞,–î–∞,–ù–µ—Ç,–î–∞,–ù–µ—Ç,–ù–µ—Ç,–î–∞,–î–∞,–î–∞,–î–∞,–ù–µ—Ç,–ù–µ—Ç,–î–∞,–î–∞,–î–∞,–î–∞,–î–∞,–ù–µ—Ç,–î–∞,–î–∞,"–ü–æ—è–≤–∏–ª—Å—è –î–ú–° - –æ—á–µ–Ω—å –∑–¥–æ—Ä–æ–≤–æ, –Ω–æ –º–∞–ª–æ–≤–∞—Ç–æ –∫–ª–∏–Ω–∏–∫. –ù–æ–≤—ã–π –æ—Ñ–∏—Å. –ü–æ–¥–∑–µ–º–Ω—ã–π –ø–∞—Ä–∫–∏–Ω–≥ –≤ –Ω–æ–≤–æ–º –æ—Ñ–∏—Å–µ.","–ù–æ–≤—ã–π –∫–æ—Ñ–µ –≤ –∫—Ä–∞—Å–∏–≤—ã—Ö —á–µ—Ä–Ω—ã—Ö –∏ –±–µ–ª—ã—Ö —É–ø–∞–∫–æ–≤–∫–∞—Ö - –æ—Ç–≤—Ä–∞—Ç–∏—Ç–µ–ª—å–Ω—ã–µ –∫–∏—Å–ª—è–∫. –ò–∑ –≥–æ—Ä—à–∫–æ–≤ —Å —Ä–∞—Å—Ç–µ–Ω–∏—è–º–∏ –ª–µ—Ç—è—Ç –º–æ—à–∫–∏ (–≤–∏–¥–∏–º–æ –ø–ª–æ—Ö–æ–π –≥—Ä—É–Ω—Ç –∏–ª–∏ –ø—Ä–æ—Å—Ç–æ –Ω–µ –ø–æ–¥—Ö–æ–¥–∏—Ç –¥–ª—è –∫–æ–º–Ω–∞—Ç–Ω—ã—Ö —Ä–∞—Å—Ç–µ–Ω–∏–π). –ù–æ–≤—ã–π –æ—Ñ–∏—Å –Ω–µ—É–¥–æ–±–Ω–æ —Ä–∞—Å–ø–æ–ª–æ–∂–µ–Ω, –ª–æ–∫–∞—Ü–∏—è –Ω–µ —Å–∞–º–∞—è —É–¥–∞—á–Ω–∞—è. –î–æ–±–∏—Ä–∞—Ç—å—Å—è —Ç–µ–ø–µ—Ä—å –ø—Ä–∏—Ö–æ–¥–∏—Ç—Å—è –≥–æ—Ä–∞–∑–¥–æ –¥–æ–ª—å—à–µ. –õ—É—á—à–µ –±—ã –º—ã –ø–µ—Ä–µ–µ—Ö–∞–ª–∏ –≤ Artplay –∏–ª–∏ –ö—Ä–∞—Å–Ω—ã–π –û–∫—Ç—è–±—Ä—å.",SourceTree –∏ –ø–æ—Å—Ç–æ—è–Ω–Ω—ã–µ –ø–µ—Ä–µ–∫–ª—é—á–µ–Ω–∏—è –º–µ–∂–¥—É –≤–µ—Ç–∫–∞–º–∏ –≤ –ø—Ä–æ–µ–∫—Ç–µ –¥–ª—è –≤—ã–ø–æ–ª–Ω–µ–Ω–∏—è –Ω–æ–≤–æ–π –∑–∞–¥–∞—á–∏.,–•–æ—á—É –±–æ–ª–µ–µ —Å–æ–≤—Ä–µ–º–µ–Ω–Ω—ã–π –∫–æ–º–ø—å—é—Ç–µ—Ä. –•–æ—á—É –Ω–æ—Ä–º–∞–ª—å–Ω—ã–π –∫–æ—Ñ–µ. –ï—Å–ª–∏ –µ—â–µ –∏ –∑–ø –ø–æ–≤—ã—Å—è—Ç - –±—É–¥–µ—Ç —Å—É–ø–µ—Ä!
2022-12-02 16:35:04,–†–µ—Å–ø–æ–Ω–¥–µ–Ω—Ç 145,–î–∞,–ù–µ—Ç,–ù–µ—Ç,–î–∞,–î–∞,–ù–µ—Ç,–ù–µ—Ç,–ù–µ—Ç,–î–∞,–î–∞,–ù–µ—Ç,–ù–µ—Ç,–ù–µ—Ç,–î–∞,–ù–µ—Ç,–ù–µ—Ç,–î–∞,–î–∞,–î–∞,–î–∞,–î–∞,–î–∞,–ù–µ—Ç,"–¥–º—Å, –±–µ—Å–ø–ª–∞—Ç–Ω—ã–µ –∫–æ–¥—ã –Ω–∞ –Ø—Å–Ω–æ, —Ö–æ—Ä–æ—à–∏–π –∫–æ—Ä–ø–æ—Ä–∞—Ç–∏–≤ –Ω–∞ –¥—Ä, –Ω–æ–≤—ã–π –æ—Ñ–∏—Å",,,
2022-11-30 17:37:04,–†–µ—Å–ø–æ–Ω–¥–µ–Ω—Ç 73,–î–∞,–î–∞,–ù–µ—Ç,–î–∞,–î–∞,–î–∞,–î–∞,–î–∞,–î–∞,–î–∞,–ù–µ—Ç,–ù–µ—Ç,–î–∞,–î–∞,–ù–µ—Ç,–ù–µ—Ç,–ù–µ—Ç,–î–∞,–î–∞,–î–∞,–ù–µ—Ç,–î–∞,–î–∞,"–ù–æ–≤—ã–π –æ—Ñ–∏—Å, –Ω–æ–≤—ã–µ –Ω–æ—É—Ç—ã",–ö–æ—Ñ–µ,–ù–µ—Ç,
2022-12-02 10:38:38,–†–µ—Å–ø–æ–Ω–¥–µ–Ω—Ç 106,–î–∞,–î–∞,–î–∞,–ù–µ—Ç,–î–∞,–ù–µ—Ç,–î–∞,–î–∞,–î–∞,–î–∞,–ù–µ—Ç,–ù–µ—Ç,–ù–µ—Ç,–ù–µ—Ç,–î–∞,–ù–µ—Ç,–ù–µ—Ç,–î–∞,–ù–µ—Ç,–î–∞,–î–∞,–ù–µ—Ç,–î–∞,,,,
2022-11-30 16:49:57,–†–µ—Å–ø–æ–Ω–¥–µ–Ω—Ç 39,–î–∞,–î–∞,–î–∞,–î–∞,–î–∞,–î–∞,–î–∞,–î–∞,–î–∞,–î–∞,–î–∞,–î–∞,–î–∞,–î–∞,–î–∞,–î–∞,–î–∞,–î–∞,–î–∞,–î–∞,–î–∞,–ù–µ—Ç,–î–∞,–ü–æ—è–≤–ª–µ–Ω–∏–µ —Ç—Ä–µ–Ω–∏–Ω–≥–æ–≤ –∏ –¥–º—Å,,,
2022-12-02 12:49:45,–†–µ—Å–ø–æ–Ω–¥–µ–Ω—Ç 120,–î–∞,–î–∞,–ù–µ—Ç,–î–∞,–î–∞,–î–∞,–î–∞,–î–∞,–î–∞,–î–∞,–î–∞,–î–∞,–î–∞,–î–∞,–î–∞,–î–∞,–î–∞,–î–∞,–î–∞,–î–∞,–î–∞,–î–∞,–î–∞,–ù–æ–≤—ã–π –æ—Ñ–∏—Å,–≠–ø–ø–ª,–ù–µ—Ç,
2022-12-02 13:09:27,–†–µ—Å–ø–æ–Ω–¥–µ–Ω—Ç 128,–î–∞,–î–∞,–î–∞,–î–∞,–î–∞,–î–∞,–î–∞,–î–∞,–î–∞,–î–∞,–ù–µ—Ç,–ù–µ—Ç,–ù–µ—Ç,–î–∞,–ù–µ—Ç,–î–∞,–î–∞,–ù–µ—Ç,–î–∞,–î–∞,–î–∞,–ù–µ—Ç,–î–∞,–î–ú–° –∏ –Ω–æ–≤—ã–π –æ—Ñ–∏—Å,"–û—Ç—Å—É—Ç—Å—Ç–≤–∏–µ —á—ë—Ç–∫–æ–≥–æ –≤–∏–¥–µ–Ω–∏—è –≤ –Ω–µ–∫–æ—Ç–æ—Ä—ã—Ö –≤–æ–ø—Ä–æ—Å–∞—Ö. 
–ù–µ–≥–∏–±–∫–∞—è –ø–æ–∑–∏—Ü–∏—è –ø–æ —É–¥–∞–ª—ë–Ω–∫–µ. 
–ü—Ä–æ–µ—Ü–∏—Ä–æ–≤–∞–Ω–∏–µ —Å–≤–æ–µ–≥–æ –æ–ø—ã—Ç–∞ –∏ —Ä–µ—Å—É—Ä—Å–æ–≤ –ø—Ä–∏ –æ—Ü–µ–Ω–∫–µ –∑–∞–¥–∞—á, –≤ —Å–ª–µ–¥—Å—Ç–≤–∏–∏ —á–µ–≥–æ, –æ—Ü–µ–Ω–∫–∞ –º–æ–∂–µ—Ç –∫–∞—Ä–¥–∏–Ω–∞–ª—å–Ω–æ –æ—Ç–ª–∏—á–∞—Ç—å—Å—è –æ—Ç —Ä–µ–∞–ª—å–Ω–æ—Å—Ç–∏",–ò—Å—Ç–æ—Ä–∏—á–µ—Å–∫–æ–µ –Ω–∞—Å–ª–µ–¥–∏–µ –ø—Ä–æ–µ–∫—Ç–∞ ,–ü—Ä–∏–≤–µ—Ç–∏–∫–∏ HR –æ—Ç–¥–µ–ª—É :)
2022-11-30 16:50:21,–†–µ—Å–ø–æ–Ω–¥–µ–Ω—Ç 53,–î–∞,–î–∞,–ù–µ—Ç,–î–∞,–î–∞,–î–∞,–î–∞,–î–∞,–î–∞,–î–∞,–î–∞,–î–∞,–î–∞,–î–∞,–î–∞,–î–∞,–î–∞,–î–∞,–î–∞,–î–∞,–î–∞,–î–∞,–î–∞,"–ö–∞–º–∞ Conf, –æ—Ç–Ω–æ—à–µ–Ω–∏–µ –∫–æ–º–ø–∞–Ω–∏–∏ –∫ —Å–æ—Ç—Ä—É–¥–Ω–∏–∫–∞–º –≤–æ –≤—Ä–µ–º—è –º–æ–±–∏–ª–∏–∑–∞—Ü–∏–∏",–ù–∞ —É–¥–∞–ª–µ–Ω–∫–µ –Ω–µ—Ç –Ø—Å–Ω–æ –∏ Skyeng; –Ω–∞ —É–¥–∞–ª–µ–Ω–∫–µ –≤—ã–ø–ª–∞—Ç–∞ —Ä–∞–∑ –≤ –º–µ—Å—è—Ü; –≤—Å–µ –µ—â–µ –Ω–µ —Ä–µ–ª–æ—Ü–∏—Ä–æ–≤–∞–ª–∏—Å—å –≤ –î—É–±–∞–π –∫ —à–µ–π—Ö–∞–º)) ,–ù–µ—Ç,"–û—á–µ–Ω—å –≤—Å–µ –Ω—Ä–∞–≤–∏—Ç—Å—è, —Å–ø–∞—Å–∏–±–æ –±–æ–ª—å—à–æ–µ, –¥–∞–π –±–æ–≥ –≤–∞–º –∑–¥–æ—Ä–æ–≤—å—è"
2022-12-01 12:24:07,–†–µ—Å–ø–æ–Ω–¥–µ–Ω—Ç 56,–î–∞,–ù–µ—Ç,–î–∞,–ù–µ—Ç,–ù–µ—Ç,–î–∞,–î–∞,–î–∞,–î–∞,–ù–µ—Ç,–ù–µ—Ç,–î–∞,–î–∞,–î–∞,–î–∞,–î–∞,–î–∞,–î–∞,–î–∞,–î–∞,–î–∞,–î–∞,–î–∞,"–í–æ–∑–º–æ–∂–Ω–æ—Å—Ç—å Day-off, –∏–Ω–¥–µ–∫—Å–∞—Ü–∏—è –ó–ü ","–û—Ç—Å—É—Ç—Å—Ç–≤–∏–µ –º–∞—Ç–µ—Ä–∏–∞–ª—å–Ω–æ–≥–æ —Å—Ç–∏–º—É–ª–∏—Ä–æ–≤–∞–Ω–∏—è, –æ—Ç—Å—É—Ç—Å—Ç–≤–∏–µ —á–µ—Ç–∫–∏—Ö –ø—Ä–æ—Ü–µ—Å—Å–æ–≤ –∏ –æ—Ç–≤–µ—Ç—Å—Ç–≤–µ–Ω–Ω—ã—Ö –ª–∏—Ü - –∏ –Ω–µ–æ–±—Ö–æ–¥–∏–º–æ—Å—Ç—å —Ç—Ä–∞—Ç–∏—Ç—å –≤—Ä–µ–º—è –∏ —Å–∏–ª—ã –Ω–∞ –∏—Ö –ø–æ–∏—Å–∫–∏.   ",–ê–Ω–∞–ª–æ–≥–∏—á–Ω–æ –≤–æ–ø—Ä–æ—Å—É 25. ,
2022-12-02 07:30:14,–†–µ—Å–ø–æ–Ω–¥–µ–Ω—Ç 102,–î–∞,–î–∞,–î–∞,–î–∞,–î–∞,–î–∞,–î–∞,–î–∞,–î–∞,–î–∞,–î–∞,–î–∞,–î–∞,–î–∞,–î–∞,–ù–µ—Ç,–ù–µ—Ç,–î–∞,–î–∞,–î–∞,–î–∞,–î–∞,–î–∞,"–î–º—Å, –ù–æ–≤—ã–π –æ—Ñ–∏—Å.",,,
2022-12-02 13:10:00,–†–µ—Å–ø–æ–Ω–¥–µ–Ω—Ç 123,–î–∞,–î–∞,–ù–µ—Ç,–î–∞,–î–∞,–î–∞,–ù–µ—Ç,–ù–µ—Ç,–î–∞,–î–∞,–ù–µ—Ç,–ù–µ—Ç,–î–∞,–ù–µ—Ç,–ù–µ—Ç,–î–∞,–î–∞,–î–∞,–ù–µ—Ç,–î–∞,–î–∞,–ù–µ—Ç,–î–∞,–ò–Ω–¥–µ–∫—Å–∞—Ü–∏—è –∑–∞—Ä–∞–±–æ—Ç–Ω–æ–π –ø–ª–∞—Ç—ã,–ó–∞—Ç—Ä—É–¥–Ω—è—é—Å—å –æ—Ç–≤–µ—Ç–∏—Ç—å,–ó–∞—Ç—Ä—É–¥–Ω—è—é—Å—å –æ—Ç–≤–µ—Ç–∏—Ç—å,
2022-11-30 16:58:34,–†–µ—Å–ø–æ–Ω–¥–µ–Ω—Ç 24,–î–∞,–î–∞,–î–∞,–î–∞,–î–∞,–î–∞,–î–∞,–î–∞,–î–∞,–î–∞,–î–∞,–î–∞,–î–∞,–î–∞,–î–∞,–î–∞,–î–∞,–î–∞,–î–∞,–î–∞,–î–∞,–î–∞,–î–∞,–ü–µ—Ä–µ–µ–∑–¥,"–•–æ—Ç–µ–ª–æ—Å—å –±—ã –∫—É—Ö–Ω—é –ø–æ–±–æ–ª—å—à–µ, –±–æ–ª—å—à–µ –º–µ—Å—Ç–∞ –Ω–∞ –Ω–µ–π, 3—é –º–∏–∫—Ä–æ–≤–æ–ª–Ω–æ–≤–∫—É (–∏ –≤ —Ü–µ–ª–æ–º —É—é—Ç–∞)
–ø–µ—Ä–µ–≥–æ–≤–æ—Ä–∫–∏ —Å –ø–æ–Ω—è—Ç–Ω—ã–º–∏ –æ–±–æ–∑–Ω–∞—á–µ–Ω–∏—è–º–∏, 
—ç–∫—Ä–∞–Ω—ã –∏ –∫–∞–º–µ—Ä—ã –≤ –ø–µ—Ä–µ–≥–æ–≤–æ—Ä–∞—Ö, —á—Ç–æ–±—ã –±—ã–ª–æ —É–¥–æ–±–Ω–µ–µ —Å–æ–∑–≤–∞–Ω–∏–≤–∞—Ç—å—Å—è —Å —Ç–µ–º–∏, –∫—Ç–æ –∏–∑ –¥–æ–º–∞ (–¥–ª—è –î–µ–π–ª–∏ –º–∏—Ç–∏–Ω–≥–æ–≤ –∏ –Ω–µ —Ç–æ–ª—å–∫–æ)
–¢–∞–∫–∂–µ —á—É—Ç—å –∫–∞—Å—Ç–æ–º–Ω—É–µ–π –æ—Ñ–∏—Å —Ö–æ—Ç–µ–ª–æ—Å—å –±—ã - –ø—É—Ñ–∏–∫–∏, –¥–∏–≤–∞–Ω—á–∏–∫–∏ –∏ –≤–æ—Ç —ç—Ç–æ –≤–æ—Ç –≤—Å–µ —É–¥–æ–±–Ω–æ–µ –ò–¢—à–Ω–æ–µ
–¥–∞—Ä—Ç—Å, –ø–∏–Ω–≥ –ø–æ–Ω–≥ –∏ —Ç–¥, —á—Ç–æ-—Ç–æ —Ç–∞–∫–æ–µ","–∫–∞–∂–µ—Ç—Å—è, —á—Ç–æ –Ω–µ—Ç",–Ω—É –∏ –∫–æ–≤—Ä–∞ –∫–æ–Ω–µ—á–Ω–æ –Ω–µ —Ö–≤–∞—Ç–∞–µ—Ç –≤ –æ—Ç–¥–µ–ª–µ –∞–Ω–∞–ª–∏—Ç–∏–∫–∏
2022-12-05 12:15:02,–†–µ—Å–ø–æ–Ω–¥–µ–Ω—Ç 160,–î–∞,–î–∞,–î–∞,–î–∞,–î–∞,–ù–µ—Ç,–ù–µ—Ç,–ù–µ—Ç,–ù–µ—Ç,–î–∞,–î–∞,–î–∞,–î–∞,–î–∞,–ù–µ—Ç,–ù–µ—Ç,–ù–µ—Ç,–î–∞,–î–∞,–î–∞,–î–∞,–î–∞,–î–∞,,"–û—Ç—Å—É—Ç—Å—Ç–≤–∏–µ –∫–æ–º–º—É–Ω–∏–∫–∞—Ü–∏–∏ –º–µ–∂–¥—É –æ—Ç–¥–µ–ª–æ–º –ø–æ–¥–¥–µ—Ä–∂–∫–∏ –∏ –¥—Ä—É–≥–∏–º–∏ –æ—Ç–¥–µ–ª–∞–º–∏, –æ—Ç—Å—É—Ç—Å—Ç–≤–∏–µ –≤–æ–∑–º–æ–∂–Ω–æ—Å—Ç–∏ –≥–æ—Ä–∏–∑–æ–Ω—Ç–∞–ª—å–Ω–æ–≥–æ —Ä–æ—Å—Ç–∞ –º–µ–∂–¥—É –æ—Ç–¥–µ–ª–∞–º–∏. –ù–µ—Ç –≤–æ–∑–º–æ–∂–Ω–æ—Å—Ç–∏ –ø–æ–ø–∞—Å—Ç—å —Ö–æ—Ç—è –±—ã –Ω–∞ –±–µ—Å–ø–ª–∞—Ç–Ω—É—é —Å—Ç–∞–∂–∏—Ä–æ–≤–∫—É –∫ –±–æ–ª–µ–µ —É–∑–∫–∏–º –∏ –æ–ø—ã—Ç–Ω—ã–º —Å–ø–µ—Ü–∞–º.",–ù–µ—Ç.,
2022-12-02 12:55:23,–†–µ—Å–ø–æ–Ω–¥–µ–Ω—Ç 115,–î–∞,–î–∞,–î–∞,–î–∞,–î–∞,–î–∞,–î–∞,–î–∞,–î–∞,–î–∞,–î–∞,–î–∞,–î–∞,–î–∞,–î–∞,–î–∞,–î–∞,–î–∞,–î–∞,–î–∞,–î–∞,–î–∞,–î–∞,"–ù–æ–≤—ã–π –æ—Ñ–∏—Å - –±–æ–º–±–∞!
–£ –º–µ–Ω—è –ø–æ—è–≤–∏–ª—Å—è –ø–æ–º–æ—â–Ω–∏–∫ –§–µ–¥—è - –±–æ–º–±–∞!
",–Ω–µ—Ç —Ç–∞–∫–æ–≥–æ,—Ç–æ–ª—å–∫–æ —è :),"–ù–∞ –≤—Å–µ –≤–æ–ø—Ä–æ—Å—ã —è –≥–æ–ª–æ—Å–æ–≤–∞–ª –ø–æ–¥ –¥–∞–≤–ª–µ–Ω–∏–µ–º! (–¥–∞–≤–ª–µ–Ω–∏–µ —Ö–æ—Ä–æ—à–µ–µ, 80 –Ω–∞ 120)"
2022-12-02 15:47:29,–†–µ—Å–ø–æ–Ω–¥–µ–Ω—Ç 138,–î–∞,–î–∞,–î–∞,–î–∞,–î–∞,–î–∞,–î–∞,–î–∞,–î–∞,–ù–µ—Ç,–î–∞,–ù–µ—Ç,–î–∞,–î–∞,–ù–µ—Ç,–î–∞,–ù–µ—Ç,–î–∞,–î–∞,–ù–µ—Ç,–ù–µ—Ç,–î–∞,–î–∞,"- –∏–∑–º–µ–Ω–µ–Ω–∏–µ –ø–æ–¥—Ö–æ–¥–∞ –∫ –æ—Ä–≥–∞–Ω–∏–∑–∞—Ü–∏–∏ —Ä–∞–±–æ—Ç—ã –∫–æ–º–∞–Ω–¥
- –Ω–æ–≤—ã–π –æ—Ñ–∏—Å
- KamaConf",- –æ—Ç—Å—É—Ç—Å—Ç–≤–∏–µ –ø—Ä–æ–∑—Ä–∞—á–Ω–æ—Å—Ç–∏ —Ä—è–¥–∞ –±–∏–∑–Ω–µ—Å-–ø—Ä–æ—Ü–µ—Å—Å–æ–≤,,–¥–∞ –Ω–æ—Ä–º –≤—Å–µ –≤ –æ–±—â–µ–º. 
2022-11-30 16:53:28,–†–µ—Å–ø–æ–Ω–¥–µ–Ω—Ç 51,–î–∞,–î–∞,–î–∞,–î–∞,–î–∞,–î–∞,–î–∞,–î–∞,–î–∞,–î–∞,–î–∞,–ù–µ—Ç,–î–∞,–î–∞,–ù–µ—Ç,–î–∞,–î–∞,–î–∞,–ù–µ—Ç,–î–∞,–î–∞,–î–∞,–î–∞,"–ë–µ—Å–ø–ª–∞—Ç–Ω—ã–π –Ø—Å–Ω–æ, –ø—Ä–∞–≤–¥–∞ —É–∂–µ –Ω–µ —Å–æ–≤—Å–µ–º)
–ò–Ω–¥–µ–∫—Å–∞—Ü–∏—è
–ö–æ–Ω—Ñ–µ—Ä–µ–Ω—Ü–∏–∏ –∏ –∫–æ—Ä–ø–æ—Ä–∞—Ç–∏–≤—ã
–õ–∞–Ω—á –±–∞–¥–¥–∏","–û—Ç—Å—É—Ç—Å—Ç–≤–∏–µ –≥–∏–±–∫–æ—Å—Ç–∏
–ù–∞–ª–∏—á–∏–µ –ª—é–¥–µ–π, –Ω–µ –≥–æ—Ç–æ–≤—ã—Ö –∫ –∏–∑–º–µ–Ω–µ–Ω–∏—é –∏ —Ä–∞–∑–≤–∏—Ç–∏—é
–û—Ç—Å—É—Ç—Å—Ç–≤–∏–µ —É–¥–∞–ª–µ–Ω–Ω–æ–π —Ä–∞–±–æ—Ç—ã
–û—Ç—Å—É—Ç—Å—Ç–≤–∏–µ –ø–µ—Ä–µ—Å–º–æ—Ç—Ä–∞ –∑–∞—Ä–∞–±–æ—Ç–Ω–æ–π –ø–ª–∞—Ç—ã –∫–∞–∂–¥–æ–µ –ø–æ–ª—É–≥–æ–¥–∏–µ / –≥–æ–¥","–î–æ–ª–≥–∏–µ –æ—Ç–≤–µ—Ç—ã –æ—Ç –Ω–µ–∫–æ—Ç–æ—Ä—ã—Ö –ª—é–¥–µ–π, –∞ –≤ —Ü–µ–ª–æ–º –Ω–µ—Ç",–ë–µ–∑ –∫–æ–º–º–µ–Ω—Ç–∞—Ä–∏–µ–≤
2022-12-02 12:46:50,–†–µ—Å–ø–æ–Ω–¥–µ–Ω—Ç 109,–î–∞,–î–∞,–î–∞,–ù–µ—Ç,–î–∞,–î–∞,–î–∞,–î–∞,–î–∞,–î–∞,–î–∞,–î–∞,–ù–µ—Ç,–ù–µ—Ç,–ù–µ—Ç,–î–∞,–ù–µ—Ç,–î–∞,–ù–µ—Ç,–î–∞,–î–∞,–î–∞,–î–∞,,,,
2022-12-05 12:08:06,–†–µ—Å–ø–æ–Ω–¥–µ–Ω—Ç 157,–î–∞,–î–∞,–î–∞,–î–∞,–î–∞,–î–∞,–î–∞,–î–∞,–î–∞,–î–∞,–î–∞,–î–∞,–î–∞,–î–∞,–î–∞,–î–∞,–î–∞,–î–∞,–î–∞,–î–∞,–î–∞,–î–∞,–î–∞,–í—Å–µ –∏–∑–º–µ–Ω–µ–Ω–∏—è –ø—Ä–æ–∏—Å—Ö–æ–¥—è—Ç —Ç–æ–ª—å–∫–æ –≤ –ª—É—á—à—É—é —Å—Ç–æ—Ä–æ–Ω—É. –ù–∞—à–∞ –∫–æ–º–∞–Ω–¥–∞ –≤—Å–µ–≥–¥–∞ –ø—Ä–∏—Å–ª—É—à–∏–≤–∞–µ—Ç—Å—è –∫ —Å–æ–≤–µ—Ç–∞–º –∏ –ø–æ–∂–µ–ª–∞–Ω–∏—è–º –≤—Å–µ—Ö —Å–æ—Ç—Ä—É–¥–Ω–∏–∫–æ–≤. –Ø –æ—á–µ–Ω—å —Ä–∞–¥–∞ –±—ã—Ç—å —á–∞—Å—Ç—å—é —ç—Ç–æ–π –∫–æ–º–ø–∞–Ω–∏–∏. –°–ø–∞—Å–∏–±–æ! ,,,
2022-12-05 12:13:23,–†–µ—Å–ø–æ–Ω–¥–µ–Ω—Ç 8,–î–∞,–î–∞,–î–∞,–î–∞,–î–∞,–î–∞,–î–∞,–î–∞,–î–∞,–î–∞,–î–∞,–î–∞,–î–∞,–î–∞,–î–∞,–î–∞,–î–∞,–î–∞,–î–∞,–î–∞,–î–∞,–î–∞,–î–∞,"–•–æ—Ç–µ–ª –±—ã –Ω–∞–ø–∏—Å–∞—Ç—å —Ä–∞–¥—É—é—Ç –≤—Å–µ–≥–¥–∞ —Ç–æ–≤–∞—Ä–∏—â–∏ –ø–æ –∫–æ–º–∞–Ω–¥–µ, –æ—á–µ–Ω—å —Ö–æ—Ä–æ—à–∏–π –∫–æ–ª–ª–µ–∫—Ç–∏–≤! –ö–æ–ª–ª–µ–≥–∏ –ø–æ –æ—Ç–¥–µ–ª—É, –∞ —Ç–∞–∫ –∂–µ –∫–æ–º–∞–Ω–¥–∞ —Å–∞–ø–ø–æ—Ä—Ç–∞ —Ç–æ–ø–æ–≤—ã–µ)",,,–•–æ—Ä–æ—à–µ–≥–æ –¥–Ω—è!)
2022-12-02 20:16:36,–†–µ—Å–ø–æ–Ω–¥–µ–Ω—Ç 152,–î–∞,–î–∞,–î–∞,–î–∞,–î–∞,–î–∞,–î–∞,–î–∞,–î–∞,–î–∞,–î–∞,–î–∞,–î–∞,–î–∞,–î–∞,–î–∞,–î–∞,–î–∞,–î–∞,–î–∞,–î–∞,–î–∞,–î–∞,,,,
2022-11-30 21:49:27,–†–µ—Å–ø–æ–Ω–¥–µ–Ω—Ç 93,–î–∞,–î–∞,–î–∞,–ù–µ—Ç,–î–∞,–î–∞,–î–∞,–î–∞,–î–∞,–î–∞,–ù–µ—Ç,–ù–µ—Ç,–î–∞,–ù–µ—Ç,–ù–µ—Ç,–î–∞,–î–∞,–î–∞,–î–∞,–î–∞,–ù–µ—Ç,–î–∞,–ù–µ—Ç,,,,
2022-12-02 15:18:08,–†–µ—Å–ø–æ–Ω–¥–µ–Ω—Ç 134,–î–∞,–ù–µ—Ç,–î–∞,–î–∞,–ù–µ—Ç,–î–∞,–î–∞,–ù–µ—Ç,–î–∞,–î–∞,–ù–µ—Ç,–ù–µ—Ç,–ù–µ—Ç,–î–∞,–ù–µ—Ç,–î–∞,–î–∞,–î–∞,–ù–µ—Ç,–ù–µ—Ç,–î–∞,–ù–µ—Ç,–ù–µ—Ç,–¥–º—Å,"- –û—Ç—Å—É—Ç—Å–≤–∏–µ —É–¥–∞–ª–µ–Ω–∫–∏ 
- –û—Ç—Å—É—Ç—Å—Ç–≤–∏–µ –≤–æ–∑–º–æ–∂–Ω–æ—Å—Ç–∏ –Ω–æ—Ä–º–∞–ª—å–Ω–æ —Ä–µ–ª–æ–∫–µ–π—Ç–∞
- –ü–ª–æ—Ö–æ –ø—Ä–æ–ø–∏—Å–∞–Ω–Ω—ã–µ –∑–∞–¥–∞—á–∏",–î–∞,-
2022-12-02 12:00:41,–†–µ—Å–ø–æ–Ω–¥–µ–Ω—Ç 107,–î–∞,–î–∞,–î–∞,–î–∞,–ù–µ—Ç,–î–∞,–ù–µ—Ç,–î–∞,–î–∞,–î–∞,–ù–µ—Ç,–ù–µ—Ç,–î–∞,–ù–µ—Ç,–ù–µ—Ç,–ù–µ—Ç,–î–∞,–î–∞,–î–∞,–î–∞,–î–∞,–î–∞,–î–∞,,,,
2022-12-01 11:39:16,–†–µ—Å–ø–æ–Ω–¥–µ–Ω—Ç 98,–î–∞,–î–∞,–î–∞,–î–∞,–î–∞,–ù–µ—Ç,–ù–µ—Ç,–î–∞,–î–∞,–î–∞,–î–∞,–î–∞,–ù–µ—Ç,–î–∞,–î–∞,–î–∞,–î–∞,–î–∞,–ù–µ—Ç,–î–∞,–î–∞,–ù–µ—Ç,–î–∞,–°–ø–∞—Å–∏–±–æ –∑–∞ —Å—Ç—Ä–∞—Ö–æ–≤–∫—É!,"–ü–æ-–ø—Ä–µ–∂–Ω–µ–º—É –º–∞–ª–æ –ø—Ä–æ–∑—Ä–∞—á–Ω–æ—Å—Ç–∏, –∏–Ω—Ñ–æ—Ä–º–∞—Ü–∏—è —Å–∫—É–¥–Ω–æ —Ä–∞—Å–ø—Ä–æ—Å—Ç—Ä–∞–Ω—è–µ—Ç—Å—è.","–ò–Ω–æ–≥–¥–∞ –¥—Ä—É–≥–∏–µ –ª—é–¥–∏, –Ω–æ —á–∞—â–µ –Ω–µ—Ç.",
2022-11-30 16:54:35,–†–µ—Å–ø–æ–Ω–¥–µ–Ω—Ç 36,–î–∞,–î–∞,–î–∞,–ù–µ—Ç,–î–∞,–î–∞,–ù–µ—Ç,–î–∞,–î–∞,–î–∞,–î–∞,–î–∞,–î–∞,–ù–µ—Ç,–ù–µ—Ç,–ù–µ—Ç,–ù–µ—Ç,–î–∞,–î–∞,–î–∞,–î–∞,–î–∞,–î–∞,,,,
2022-11-30 17:06:19,–†–µ—Å–ø–æ–Ω–¥–µ–Ω—Ç 32,–î–∞,–î–∞,–ù–µ—Ç,–î–∞,–î–∞,–î–∞,–î–∞,–î–∞,–ù–µ—Ç,–î–∞,–ù–µ—Ç,–ù–µ—Ç,–ù–µ—Ç,–ù–µ—Ç,–ù–µ—Ç,–ù–µ—Ç,–ù–µ—Ç,–ù–µ—Ç,–ù–µ—Ç,–î–∞,–ù–µ—Ç,–ù–µ—Ç,–î–∞,"–ö–∞–º–∞–ö–æ–Ω—Ñ
–ü–µ—Ä–∏–æ–¥ –Ø—Å–Ω–æ –±–µ—Å–ø–ª–∞—Ç–Ω—ã–π
–£–¥–∞–ª–µ–Ω–∫–∞ –∏ –º–æ–±–∏–ª–∏–∑–∞—Ü–∏—è","–ù–µ –ø–æ–Ω—è—Ç–Ω—ã —Ü–µ–ª–∏
–ù–µ—Ç —Å—Ç—Ä—É–∫—Ç—É—Ä—ã
–ù–µ –≤—Å–µ–≥–¥–∞ –æ–ø—Ä–µ–¥–µ–ª–µ–Ω—ã –∑–æ–Ω—ã –æ—Ç–≤–µ—Ç-—Ç–∏
–ù–µ –ø—Ä–æ–∑—Ä–∞—á–Ω–∞—è —Å–∏—Å—Ç–µ–º–∞ –º–æ—Ç–∏–≤–∞—Ü–∏–∏ –∏ –≥—Ä–µ–π–¥–æ–≤ (–∏—Ö –Ω–µ—Ç)
–ù–µ —è—Å–Ω–∞ –º–∏—Å—Å–∏—è –∫–æ–º–ø–∞–Ω–∏–∏ –∏ –Ω–µ –æ–±–æ–∑–Ω–∞—á–µ–Ω—ã —Ü–µ–Ω–Ω–æ—Å—Ç–∏
–ö–æ—Ä–ø–æ—Ä–∞—Ç–∏–≤–Ω–∞—è –∫—É–ª—å—Ç—É—Ä–∞ –º–µ–Ω—è–µ—Ç—Å—è –æ—Ç –æ—Ç–¥–µ–ª–∞ –∫ –æ—Ç–¥–µ–ª—É –∏ –º–µ—Å—Ç–∞–º–∏ –æ—á–µ–Ω—å —Ç–æ–∫—Å–∏—á–Ω–∞—è
–ó–∞–∫–æ—Å—Ç–µ–Ω–µ–ª—ã–µ –∫–ª—é—á–µ–≤—ã–µ —Å–æ—Ç—Ä—É–¥–Ω–∏–∫–∏ –∫–æ–º–ø–∞–Ω–∏–∏ –∏ –∏–∑–º–µ–Ω–µ–Ω–∏—è –¥–∞—é—Ç—Å—è —Ç—è–∂–µ–ª–æ –∏–ª–∏ –Ω–µ –¥–∞—é—Ç—Å—è –≤–æ–≤—Å–µ
–ö–æ—Ä–ø–æ—Ä–∞—Ç–∏–≤–Ω—ã–π –º–µ—Å—Å–µ–¥–∂–µ—Ä –≤ –≤–∏–¥–µ —Ç–µ–ª–µ–≥—Ä–∞–º–∞ –Ω–µ —É–¥–æ–±–µ–Ω

–ù–∞ —É–¥–∞–ª–µ–Ω–∫–µ —Ä–∞–±–æ—Ç–∞–µ—à—å –∫–∞–∫ –æ–¥–∏–Ω–æ–∫–∏–π —Å—ã—á: –Ω–µ—Ç –Ω–∏–∫–∞–∫–æ–π —Å–æ—Ü –∞–∫—Ç–∏–≤–Ω–æ—Å—Ç–∏ —Å–æ —Å—Ç–æ—Ä–æ–Ω—ã –∫–æ–º–ø–∞–Ω–∏–∏, –ø–æ–º–æ—â–∏ –≤ –æ—Ä–≥–∞–Ω–∏–∑–∞—Ü–∏–∏ —Ä–∞–±–æ—á–µ–≥–æ –º–µ—Å—Ç–∞ –∏ –≤–æ–∑–º–æ–∂–Ω–æ—Å—Ç–µ–π –∫—É–ø–∏—Ç—å —Ç–µ—Ö–Ω–∏–∫—É. –ï—Å–ª–∏ –≤ –¥—Ä—É–≥–æ–π —Å—Ç—Ä–∞–Ω–µ –ª–æ–º–∞–µ—Ç—Å—è —Ç–≤–æ—è, —Ç–æ –ø—Ä–∏—Ö–æ–¥–∏—Ç—Å—è –æ—á–µ–Ω—å –æ–ø–µ—Ä–∞—Ç–∏–≤–Ω–æ –∏–∑—ã—Å–∫–∏–≤–∞—Ç—å —Å—Ä–µ–¥—Å—Ç–≤–∞ –Ω–∞ –ø–æ–∫—É–ø–∫—É –Ω–æ–≤–æ–π, –∏–Ω–∞—á–µ –ø—Ä–æ–¥–æ–ª–∂–∞—Ç—å —Ä–∞–±–æ—Ç–∞—Ç—å –ø—Ä–æ—Å—Ç–æ –Ω–µ—Ç –≤–æ–∑–º–æ–∂–Ω–æ—Å—Ç–∏. –î–∏—Å–±–∞–ª–∞–Ω—Å –≤ —Å–æ—Ü –ø–∞–∫–µ—Ç–µ: –æ—Ñ–∏—Å–Ω—ã–º —Å–æ—Ç—Ä—É–¥–Ω–∏–∫–∞–º —Å–æ—Ü –ø–∞–∫–µ—Ç, –∏–≤–µ–Ω—Ç—ã –∏ –æ–±–µ—Å–ø–µ—á–µ–Ω–∏–µ –Ω–∞–ø–∏—Ç–∫–∞–º–∏ –∏ —Å–Ω–µ–∫–∞–º–∏, —É–¥–∞–ª–µ–Ω–Ω—ã–º - –æ—Ç—Å—É—Ç—Å—Ç–≤–∏–µ —Å—Ç—Ä–∞—Ö–æ–≤–∫–∏, —Å–æ—Ü –ø–∞–∫–µ—Ç–∞, –∞–º–æ—Ä—Ç–∏–∑–∞—Ü–∏—è —Å–≤–æ–µ–≥–æ –æ–±–æ—Ä—É–¥–æ–≤–∞–Ω–∏—è, —Å—á–µ—Ç–∞ –∑–∞ —ç–ª–µ–∫—Ç—Ä–∏—á–µ—Å—Ç–≤–æ, –∫–æ–Ω–¥–∏—à–∫—É, –∏–Ω—Ç–µ—Ä–µ–Ω—Ç, –ø–æ–∫—É–ø–∫—É —Å—Ç–æ–ª–∞ –∏ –∫—Ä–µ—Å–ª–∞, –Ω–µ—Ç –Ω–∏—á–µ–≥–æ –∏–∑ –∫–æ–º–ø–µ–Ω—Å–∞—Ü–∏–∏ –µ–¥—ã, –∫–æ—Ç–æ—Ä–∞—è –µ—Å—Ç—å —É –¥—Ä—É–≥–∏—Ö, –≤ —Å–ª—É—á–∞–µ –ø–æ–ª–æ–º–∫–∏ —Ç–µ—Ö–Ω–∏–∫–∏ –∏ –º–µ–±–µ–ª–∏ - –ø–æ–¥–¥–µ—Ä–∂–∏ –æ—Ç –∫–æ–º–ø–∞–Ω–∏–∏ —Ç–æ–∂–µ –Ω–µ—Ç. –ü—Ä–µ–Ω–µ–±—Ä–µ–∂–µ–Ω–∏–µ –∫ —Ä–∞–±–æ—Ç–µ —Å–æ—Ç—Ä—É–¥–Ω–∏–∫–∞–º –Ω–∞ —É–ª–µ–Ω–∫–µ ""–∞-–ª—è"" –Ω–µ –≤–∏–¥–∏—Ç –∫–∞–∫ —Ä–∞–±–æ—Ç–∞—é—Ç, –≤–∞—Ç—É –∫–∞—Ç–∞—é—Ç. –í —Ç–æ –≤—Ä–µ–º—è –∫–∞–∫ –≤ –æ—Ñ–∏—Å–µ —Ç—Ä–µ–ø –≤ —Å—Ç–æ–ª–æ–≤–∫–µ, –ø–µ—Ä–µ–∫—É—Ä—ã. (–ù–∞–±–æ–ª–µ–ª–æ —Å—É–º–º–∞—Ä–Ω–æ –ø–æ —Ä—è–¥—É —Ä–∞–∑–ª–∏—á–Ω—ã—Ö –ø—Ä–æ—è–≤–ª–µ–Ω–∏–π —Å–æ —Å—Ç–æ—Ä–æ–Ω—ã —Ä—É–∫–æ–≤–æ–¥–∏—Ç–µ–ª–µ–π –∏ –æ—Ç–∫–∞–∑–∞ –ø–æ–∫—É–ø–∫–∏ —Ç–µ—Ö–Ω–∏–∫–∏ –∫–æ–º–ø–∞–Ω–∏–µ–π). –ü—Ä–∏ —Ç–æ–º, —á—Ç–æ –∑–∞—Ä–ø–ª–∞—Ç—ã –æ–¥–∏–Ω–∞–∫–æ–≤—ã–µ –∏ –≤–∫–ª–∞–¥ —Ä–∞–≤–Ω—ã–π –≤ —Ä–∞–∑–≤–∏—Ç–∏–µ –ø—Ä–æ–¥—É–∫—Ç–æ–≤ –∫–æ–º–ø–∞–Ω–∏–∏.
–í—Å—è —Ä–∞–±–æ—Ç–∞ –ø–æ —Å–æ–∑–¥–∞–Ω–∏—é –∞—Ç–º–æ—Å—Ñ–µ—Ä—ã –≤ –æ—Ç–¥–µ–ª–µ —É–¥–∞–ª–µ–Ω–Ω—ã–º —Å–æ—Ç—Ä—É–¥–Ω–∏–∫–∞–º, –ø—Ä–æ–±–ª–µ–º–∞–º –≤–æ–∑–Ω–∏–∫–∞—é—â–∏–º –≤ —Å–ª–µ–¥—Å—Ç–≤–∏–µ –∏–∑–æ–ª–∏—Ä–æ–≤–∞–Ω–Ω–æ—Å—Ç–∏ –ª–æ–∂–∏—Ç—Å—è –Ω–∞ —Ä—É–∫-–ª—è –æ—Ç–¥–µ–ª–∞. 

–ù–µ–ª–æ–≥–∏—á–Ω–æ–µ —Ä–µ—à–µ–Ω–∏–µ —Å–æ —Å—Ç–æ—Ä–æ–Ω—ã —É–ø–ª–∞—Ç—ã –Ω–∞–ª–æ–≥–æ–≤ —É–¥–∞–ª–µ–Ω—â–∏–∫–∞–º. –ü–æ –Ω–∞–ª–æ–≥–æ–≤–æ–º—É –∑–∞–∫–æ–Ω–æ–¥–∞—Ç–µ–ª—å—Å—Ç–≤—É —Ä–∞–∑–Ω—ã—Ö —Å—Ç—Ä–∞–Ω - —Å–∞–º–æ–∑–∞–Ω—è—Ç—ã–µ –¥–æ–ª–∂–Ω—ã —É–ø–ª–∞—á–∏–≤–∞—Ç—å –Ω–∞–ª–æ–≥–∏. –ò —Å–≤—è–∑—å —Å –∫–æ–º–ø–∞–Ω–∏–µ–π –∏ —Ä–∞–±–æ—Ç—É –¥–æ–∫–∞–∑–∞—Ç—å –æ—á–µ–Ω—å –ø—Ä–æ—Å—Ç–æ –≤ –º–∏—Ä–æ–≤–æ–º —Å—É–¥–µ –∏ –±—Ä–∏—Ç–∞–Ω—Å–∫–æ–º –ø—Ä–∞–≤–µ, –∫ –∫–æ—Ç–æ—Ä–æ–º—É –Ω–∞—à–∞ –∫–æ–º–ø–∞–Ω–∏—è –æ—Ç–Ω–æ—Å–∏—Ç—Å—è. –°–µ–π—á–∞—Å –Ω–∞–ª–æ–≥–∏ –æ—Ç–¥–∞–Ω—ã –Ω–∞ –æ—Ç–∫—É–ø —Å–∞–º–∏–º —Å–æ—Ç—Ä—É–¥–Ω–∏–∫–∞–º –ø–æ–¥ 13%, –Ω–æ –Ω–µ –≤–µ–∑–¥–µ 13% –∏ –Ω–µ –≤—Å–µ –∑–Ω–∞—é—Ç –∫–∞–∫ –∏—Ö —É–ø–ª–∞—á–∏–≤–∞—Ç—å. –ö–∞–∫ –¥–µ–ª–∞—é—Ç –¥—Ä—É–≥–∏–µ –º–µ–∂–¥—É–Ω–∞—Ä–æ–¥–Ω—ã–µ –∫–æ–º–ø–∞–Ω–∏–∏: —é—Ä–∏—Å—Ç –∑–∞–Ω–∏–º–∞–µ—Ç—Å—è –ø–æ–¥–¥–µ—Ä–∂–∫–æ–π –≤—ã–ø–ª–∞—Ç –Ω–∞–ª–æ–≥–æ–≤ –≤ –¥—Ä—É–≥–∏—Ö —Å—Ç—Ä–∞–Ω–∞—Ö –∏ –∫–æ–Ω—Å—É–ª—å—Ç–∏—Ä—É–µ—Ç —Å–æ—Ç—Ä—É–¥–Ω–∏–∫–æ–≤, –∑–ø  –ø–ª–∞—Ç–∏—Ç—Å—è –≤ —Å–æ–æ—Ç–≤–µ—Ç—Å—Ç–≤–∏–∏ —Å –Ω–∞–ª–æ–≥–æ–≤—ã–º –æ–±–ª–æ–∂–µ–Ω–∏–µ–º —ç—Ç–æ–π —Å—Ç—Ä–∞–Ω—ã. –ï—Å–ª–∏ —É —Å–æ—Ç—Ä—É–¥–Ω–∏–∫–∞ –≤–æ–∑–Ω–∏–∫–Ω—É—Ç –º–∏–≥—Ä–∞—Ü–∏–æ–Ω–Ω—ã–µ –ø—Ä–æ–±–ª–µ–º—ã –≤ —Å–≤—è–∑–∏ —Å –Ω–µ—É–ø–ª–∞—Ç–æ–π - –æ–Ω –ø–æ–π–¥–µ—Ç –∫ –Ω–∞–º, –∞ –µ—â–µ –ø–æ–∏–º–µ–µ—Ç –æ—á–µ–Ω—å –º–Ω–æ–≥–æ –ø—Ä–æ–±–ª–µ–º –∏–∑-–∑–∞ —É—Ö–æ–¥–∞ –æ—Ç –Ω–∞–ª–æ–≥–æ–≤. –°–µ–π—á–∞—Å –≤—ã–≥–ª—è–¥–∏—Ç —Ç–∞–∫, —á—Ç–æ –∫–æ–º–ø–∞–Ω–∏—è –ø—ã—Ç–∞–µ—Ç—Å—è –≤—ã–µ—Ö–∞—Ç—å –Ω–∞ –Ω–∞–ª–æ–≥–µ 13%, –ø–æ—Ç–æ–º—É —á—Ç–æ —Ä–∞–±–æ—Ç–∞–µ—Ç —Å —Ä–æ—Å—Å–∏—è–Ω–∞–º–∏, –Ω–æ —ç—Ç–æ –≤ –∫–æ—Ä–Ω–µ –Ω–µ –≤–µ—Ä–Ω–∞—è –ø–æ–ª–∏—Ç–∏–∫–∞, –∫–æ—Ç–æ—Ä–∞—è –º–æ–∂–µ—Ç –æ–±–µ—Ä–Ω—É—Ç—å—Å—è –æ—á–µ–Ω—å –Ω–µ–ø—Ä–∏—è—Ç–Ω—ã–º–∏ –ø–æ—Å–ª–µ–¥—Å—Ç–≤–∏—è–º–∏. –ö–∞—Å–∞–µ–º–æ –∑–∞–∫–æ–Ω–æ–≤ —Å—Ç—Ä–∞–Ω—ã, –≥–¥–µ —è –ø—Ä–µ–±—ã–≤–∞—é, —Å—É–¥–∏—Ç—Å—è –±—É–¥–µ—Ç –Ω–∞–ª–æ–≥–æ–≤—ã–π –æ—Ä–≥–∞–Ω —Å –∫–∞–º–∞ –≥–µ–∏–º–∑, –∏ –≤—Å–µ —Ä–∞—Å—Ö–æ–¥—ã –ø–æ–Ω–µ—Å–µ—Ç –∫–∞–º–∞ –≥–µ–∏–º–∑, –ø–æ—Ç–æ–º—É —á—Ç–æ —Ç–æ, —á—Ç–æ –æ–Ω–∞ –¥–µ–ª–∞–µ—Ç - –Ω–µ–∑–∞–∫–æ–Ω–Ω–æ. –†–µ–∫–æ–º–µ–Ω–¥—É—é —Å–µ—Ä—å–µ–∑–Ω–æ –ø–µ—Ä–µ—Å–º–æ—Ç—Ä–µ—Ç—å —Å–ø–∏—Å–æ–∫ —Å—Ç—Ä–∞–Ω –≥–¥–µ –Ω–∞—Ö–æ–¥—è—Ç—Å—è –Ω–∞—à–∏ —Å–æ—Ç—Ä—É–¥–Ω–∏–∫–∏ –∏ —Å–ø–∏—Å–æ–∫ —Ç—Ä–µ–±–æ–≤–∞–Ω–∏–π –∫ —Å–∞–º–æ–∑–∞–Ω—è—Ç—ã–º–∏ –≤ —ç—Ç–æ–π —Å—Ç—Ä–∞–Ω–µ. –ê —Ç–∞–∫ –∂–µ –≤—ã–¥–∞—Ç—å —Ä–µ–∫–æ–º–µ–Ω–¥–∞—Ü–∏–∏ –ª—é–¥—è–º –ø–æ —É–ø–ª–∞—Ç–µ –Ω–∞–ª–æ–≥–æ–≤.","–¥–æ–ª–≥–∏–µ –ø—Ä–∏–Ω—è—Ç–∏—è —Ä–µ—à–µ–Ω–∏–π –≤ –∫–æ–º–ø–∞–Ω–∏–∏
–Ω–µ –ø–æ–ø—É–ª—è—Ä–Ω—ã–µ —Ä–µ—à–µ–Ω–∏—è (–æ—Ç–∫–∞–∑ –æ—Ç –∫–æ—Ä–ø –º–µ—Å—Å–µ–Ω–¥–∂–µ—Ä–∞, —Ö–∞–æ—Å –≤ —Å—Ç—Ä—É–∫—Ç—É—Ä–µ, –æ—Ç—Å—É—Ç—Å—Ç–≤–∏–µ –Ω–∞–π–º–∞ –¥–µ–≤—É—à–µ–∫, –±–æ–ª—å—à–æ–π –¥–∏—Å–±–∞–ª–∞–Ω—Å –≤ –æ–ø—ã—Ç–Ω–æ—Å—Ç–∏ –∏ –∫–æ–º–ø–µ—Ç–µ–Ω—Ç–Ω–æ—Å—Ç–∏ —Ä—É–∫–æ–≤–æ–¥–∏—Ç–µ–ª–µ–π, –Ω–µ–∫–æ—Ç–æ—Ä—ã–µ –∫–∞–∫ —Å–µ–≤–µ—Ä–Ω—ã–π –∏ —é–∂–Ω—ã–π –ø–æ–ª—é—Å - –Ω–∞—Å—Ç–æ–ª—å–∫–æ –±–æ–ª—å—à–∞—è —Ä–∞–∑–Ω–∏—Ü–∞)",–¥–∞ –ø—Ä–µ–±—É–¥–µ—Ç —Å –≤–∞–º–∏ —Å–∏–ª–∞ –¥–∂–µ–¥–∞—è
2022-11-30 17:48:12,–†–µ—Å–ø–æ–Ω–¥–µ–Ω—Ç 75,–î–∞,–î–∞,–î–∞,–î–∞,–ù–µ—Ç,–ù–µ—Ç,–î–∞,–ù–µ—Ç,–î–∞,–î–∞,–ù–µ—Ç,–î–∞,–ù–µ—Ç,–î–∞,–î–∞,–î–∞,–ù–µ—Ç,–ù–µ—Ç,–ù–µ—Ç,–î–∞,–ù–µ—Ç,–ù–µ—Ç,–ù–µ—Ç,–Ω–æ–≤—ã–π –æ—Ñ–∏—Å,–Ω–µ–ø—Ä–æ–∑—Ä–∞—á–Ω–æ—Å—Ç—å –∏ —Å–∏–ª—å–Ω—ã–π —Ä–∞–∑–±—Ä–æ—Å –≤ —Å–æ–æ—Ç–Ω–æ—à–µ–Ω–∏—è –≤—ã–ø–æ–ª–Ω—è–µ–º–æ–π —Ä–∞–±–æ—Ç—ã/–æ—Ç–≤–µ—Å—Ç–≤–µ–Ω–Ω–æ—Å—Ç–∏ –∏ –∑–∞—Ä–ø–ª–∞—Ç—ã,,
2022-12-02 17:42:29,–†–µ—Å–ø–æ–Ω–¥–µ–Ω—Ç 147,–î–∞,–î–∞,–ù–µ—Ç,–î–∞,–î–∞,–î–∞,–ù–µ—Ç,–î–∞,–î–∞,–î–∞,–î–∞,–ù–µ—Ç,–î–∞,–ù–µ—Ç,–ù–µ—Ç,–î–∞,–î–∞,–î–∞,–ù–µ—Ç,–ù–µ—Ç,–î–∞,–î–∞,–î–∞,"–ë–æ–ª—å—à–µ –æ–±—É—á–∞—é—â–∏—Ö —Å–æ–∑–≤–æ–Ω–æ–≤ —ç—Ç–æ —Ö–æ—Ä–æ—à–æ, –æ—Å–≤–µ–∂–∞–µ—Ç –ø–∞–º—è—Ç—å –ø–æ –≤–æ–ø—Ä–æ—Å–∞–º, —Å –∫–æ—Ç–æ—Ä—ã–º–∏ —Ä–µ–¥–∫–æ —Å—Ç–∞–ª–∫–∏–≤–∞–µ–º—Å—è.",-,-,
2022-12-02 19:52:18,–†–µ—Å–ø–æ–Ω–¥–µ–Ω—Ç 76,–î–∞,–î–∞,–ù–µ—Ç,–î–∞,–î–∞,–ù–µ—Ç,–î–∞,–î–∞,–î–∞,–î–∞,–î–∞,–ù–µ—Ç,–î–∞,–ù–µ—Ç,–î–∞,–î–∞,–î–∞,–î–∞,–î–∞,–ù–µ—Ç,–î–∞,–î–∞,–î–∞,"–ë–æ–ª–µ–µ —à–∏—Ä–æ–∫–∏–π –æ—Ñ–∏—Å, —Ö–æ—Ä–æ—à–∏–π –∫–æ–ª–ª–µ–∫—Ç–∏–≤.","–ù–µ—Ç –∫—É—Ä–∏–ª–∫–∏, –¥–æ–ª–≥–∏–µ –ª–∏—Ñ—Ç—ã.",–õ–ò–§–¢–´,"–°–û–ù–Ø –ó–ï –ë–ï–°–¢. –ù–µ—Ç, –æ–Ω–∞ –Ω–µ —Å—Ç–æ–∏—Ç —Ä—è–¥–æ–º —Å –ø–∏—Å—Ç–æ–ª–µ—Ç–æ–º. –¢–û–ß–ù–û –ù–ï–¢.

–ü–∞–º–∞–≥–∏—Ç–µ."
2022-11-30 19:58:14,–†–µ—Å–ø–æ–Ω–¥–µ–Ω—Ç 90,–î–∞,–î–∞,–ù–µ—Ç,–î–∞,–î–∞,–ù–µ—Ç,–î–∞,–î–∞,–î–∞,–î–∞,–ù–µ—Ç,–ù–µ—Ç,–î–∞,–ù–µ—Ç,–ù–µ—Ç,–î–∞,–ù–µ—Ç,–î–∞,–ù–µ—Ç,–î–∞,–ù–µ—Ç,–ù–µ—Ç,–î–∞,–Ø –Ω–µ —Ä–∞–±–æ—Ç–∞–ª –≤ –∫–æ–º–ø–∞–Ω–∏–∏ –≥–æ–¥ –Ω–∞–∑–∞–¥.,–õ–∏—Ñ—Ç—ã –∏ –∫—É—Ä–∏—Ç—å –Ω–∞ –º–æ—Ä–æ–∑–µ.,"–û—Ç—Å—É—Ç—Å—Ç–≤–∏–µ —Å–∏—Å—Ç–µ–º–∞—Ç–∏–∑–∏—Ä–æ–≤–∞–Ω–Ω–æ–π –¥–æ–∫—É–º–µ–Ω—Ç–∞—Ü–∏–∏ –ø–æ —Ñ–∏—á–∞–º , —á–∞—Å—Ç—å –æ–ø–∏—Å–∞–Ω–∞ —á–∞—Å—Ç—å –Ω–µ—Ç. –û—Ç—Å—É—Ç—Å—Ç–≤–∏–µ –ø–æ–ª–Ω–æ–π —Ç–µ—Ö–Ω–∏—á–µ—Å–∫–æ–π –¥–æ–∫—É–º–µ–Ω—Ç–∞—Ü–∏–∏ –ø–æ —Å–∏—Å—Ç–µ–º–µ –≤–µ—Ä—Å—Ç–∫–∏ –∏–Ω—Ç–µ—Ä—Ñ–µ–π—Å–æ–≤.","–í –ø—Ä–æ—à–ª–æ–π –∫–æ–º–ø–∞–Ω–∏–∏ —Ü–µ–Ω—Ç—Ä–∞–ª–∏–∑–æ–≤–∞–Ω–Ω–æ –∑–∞–∫–∞–∑—ã–≤–∞–ª–∏ –æ–±–µ–¥—ã , –≤—Å–µ –æ–±–µ–¥–∞–ª–∏ –Ω–∞—á–∏–Ω–∞—è —Å –æ–ø—Ä–µ–¥–µ–ª–µ–Ω–Ω–æ–≥–æ –≤—Ä–µ–º–µ–Ω–∏, –ø–æ –º–µ—Ä–µ –Ω–∞–ª–∏—á–∏—è –Ω–∞ –∫—É—Ö–Ω–µ —Å–≤–æ–±–æ–¥–Ω—ã—Ö –º–µ—Å—Ç ,–∏ –µ—â–µ –æ—Å—Ç–∞–≤–∞–ª–æ—Å—å –Ω–∞ —É–∂–∏–Ω. –ë—ã–ª–æ –æ—á–µ–Ω—å —É–¥–æ–±–Ω–æ , –∏ –º–æ–∂–Ω–æ –±—ã–ª–æ –∑–∞ –æ–±–µ–¥–æ–º –æ —á–µ–º –Ω–∏–±—É–¥—å –ø–æ–≥–æ–≤–æ—Ä–∏—Ç—å –∏ –±–æ–ª–µ–º–µ–Ω–µ–µ —É–∑–Ω–∞—Ç—å –∫–æ–ª–ª–µ–≥. 

–¢–∞–∫ –∂–µ —Ö–æ–ª–æ–¥–∏–ª—å–Ω–∏–∫ –±—ã–ª –Ω–∞–±–∏—Ç —Å—ã—Ä–∞–º–∏ , –Ω–∞—Ä–µ–∑–∫–æ–π –∏ —Ç–¥. –ú–æ–∂–Ω–æ –±—ã–ª–æ —Å —É—Ç—Ä–∞ –ø—Ä–∏–¥—Ç–∏ –∏ —Å—å–µ—Å—Ç—å –±—É—Ç–µ—Ä –∏–ª–∏ –±–æ–ª—å—à–µ, –µ—Å–ª–∏ —Ö–æ—Ç–µ–ª–æ—Å—å.

–¢–∞–∫ –∂–µ –±—ã–ª–∏ –ø—Ä–∞–∫—Ç–∏—á–µ—Å–∫–∏ –∫–∞–∂–¥–æ–¥–Ω–µ–≤–Ω—ã–µ –≤–µ—á–µ—Ä–Ω–∏–µ –∫–∞–ª—å—è–Ω—ã, —ç—Ñ—Ñ–µ–∫—Ç –≤ –æ–±—â–µ–º —Ç–∞ —Ç–æ—Ç –∂–µ.

–ú–Ω–µ –æ—á–µ–Ω—å –ø–æ–Ω—Ä–∞–≤–∏–ª–∏—Å—å —Ç–∞–∫–∏–µ –ø—Ä–∞–∫—Ç–∏–∫–∏ :)"
2022-12-02 12:57:28,–†–µ—Å–ø–æ–Ω–¥–µ–Ω—Ç 121,–î–∞,–ù–µ—Ç,–î–∞,–ù–µ—Ç,–ù–µ—Ç,–î–∞,–ù–µ—Ç,–î–∞,–î–∞,–î–∞,–î–∞,–î–∞,–î–∞,–î–∞,–î–∞,–î–∞,–ù–µ—Ç,–î–∞,–ù–µ—Ç,–î–∞,–î–∞,–î–∞,–î–∞,"–º–∏–Ω–∏–º–∏–∑–∞—Ü–∏—è –±—é—Ä–æ–∫—Ä–∞—Ç–∏–∏, –æ—Ü–µ–Ω–∫–∞ –ø–æ –¥–æ—Å—Ç–æ–∏–Ω—Å—Ç–≤—É –∫–∞—á–µ—Å—Ç–≤–æ –º–æ–µ–π —Ä–∞–±–æ—Ç—ã –≤ –º–∞—Ç–µ—Ä–∏–∞–ª—å–Ω–æ–º –∏ –º–æ—Ä–∞–ª—å–Ω–æ–º —Å–º—ã—Å–ª–µ.",–†–æ–ª—å –ò—Å–ø–æ–ª–Ω–∏—Ç–µ–ª—å–Ω–æ–≥–æ –¥–∏—Ä–µ–∫—Ç–æ—Ä–∞,–ò—Å–ø–æ–ª–Ω–∏—Ç–µ–ª—å–Ω—ã–π –¥–∏—Ä–µ–∫—Ç–æ—Ä,
2022-12-01 15:35:14,–†–µ—Å–ø–æ–Ω–¥–µ–Ω—Ç 12,–î–∞,–î–∞,–î–∞,–î–∞,–î–∞,–î–∞,–î–∞,–î–∞,–î–∞,–î–∞,–î–∞,–î–∞,–î–∞,–ù–µ—Ç,–ù–µ—Ç,–î–∞,–î–∞,–î–∞,–î–∞,–î–∞,–î–∞,–î–∞,–î–∞,"–ü–æ–≤—ã—Å–∏–ª–∏ –∫–∞—á–µ—Å—Ç–≤–æ –∫–æ–¥–∞. –≠—Ç–æ –∫–∞—Å–∞–µ—Ç—Å—è –∫–∞–∫ —Å—Ç–∏–ª—è, —Ç–∞–∫ –∏ –∞—Ä—Ö–∏—Ç–µ–∫—Ç—É—Ä—ã. –ù–∞—á–∞–ª–∏ –∞–∫—Ç–∏–≤–Ω–µ–µ –ø–æ–ª—å–∑–æ–≤–∞—Ç—å—Å—è jira –∏ confluence.
","–¢–æ, —á—Ç–æ –Ω–µ –∏—Å–ø–æ–ª—å–∑—É—é—Ç—Å—è –Ω–µ–π—Ä–æ—Å–µ—Ç–∫–∏.",–ù–µ—Ç,–•–æ—Ç–µ–ª–æ—Å—å –±—ã –≤–∏–¥–µ—Ç—å –º–∏–∫—Ä–æ–≤–æ–ª–Ω–æ–≤–∫—É –≤ –∫–æ—Ñ–µ–ø–æ–∏–Ω—Ç–µ –≤–æ–∑–ª–µ –¥–∏–∑–∞–π–Ω–µ—Ä–æ–≤.
2022-12-02 15:20:39,–†–µ—Å–ø–æ–Ω–¥–µ–Ω—Ç 2,–î–∞,–î–∞,–î–∞,–î–∞,–î–∞,–î–∞,–î–∞,–î–∞,–î–∞,–î–∞,–î–∞,–î–∞,–î–∞,–î–∞,–î–∞,–î–∞,–î–∞,–î–∞,–î–∞,–î–∞,–î–∞,–î–∞,–î–∞,"–ë–µ—Å–ø–ª–∞—Ç–Ω—ã–π –Ø—Å–Ω–æ –∏ —É–≤–µ–ª–∏—á–µ–Ω–∏–µ —Å–∫–∏–¥–∫–∏, –∫–∞–º–∞–∫–æ–Ω—Ñ, –ø–æ–º–æ—â—å —Å–æ—Ç—Ä—É–¥–Ω–∏–∫–∞–º –ø—Ä–∏ –º–æ–±–∏–ª–∏–∑–∞—Ü–∏–∏, –ø—Ä–æ—Å—Ç–æ—Ä–Ω—ã–π –æ—Ñ–∏—Å, –º–æ–µ —Ä–∞–∑–≤–∏—Ç–∏–µ",-,-,<3
2022-12-02 19:26:59,–†–µ—Å–ø–æ–Ω–¥–µ–Ω—Ç 92,–î–∞,–î–∞,–î–∞,–î–∞,–ù–µ—Ç,–î–∞,–î–∞,–î–∞,–î–∞,–î–∞,–î–∞,–î–∞,–î–∞,–î–∞,–î–∞,–î–∞,–î–∞,–î–∞,–î–∞,–î–∞,–î–∞,–ù–µ—Ç,–î–∞,"–æ–±—É—á–µ–Ω–∏–µ
–∫—É–ª—å—Ç—É—Ä–∞, –∫–æ—Ç–æ—Ä—É—é —Ç—Ä–∞–Ω—Å–ª–∏—Ä—É—é—Ç hr
–¥–º—Å
–ø–æ—Ä—Ç–∞–ª
–∫–∞–º–∞–∫–æ–Ω—Ñ
–ø–µ—Ä–µ–≥–æ–≤–æ—Ä–∫–∏ –≤ –Ω–æ–≤–æ–º –æ—Ñ–∏—Å–µ
","
","–Ω–µ–≤—ã—Å—Ç—Ä–æ–µ–Ω–Ω–∞—è –∫–æ–º–º—É–Ω–∏–∫–∞—Ü–∏—è –º–µ–∂–¥—É –∫–æ–º–∞–Ω–¥–∞–º–∏
–æ—Ç—Å—É—Ç—Å—Ç–≤–∏–µ —Å–∏–Ω—Ö—Ä–æ–Ω–∏–∑–∞—Ü–∏–∏ (—Ç—Ä–∞–Ω—Å–ª–∏—Ä—É–µ–º–æ–≥–æ –µ–¥–∏–Ω–æ–≥–æ –∏–Ω—Ñ–æ–ø–æ–ª—è) –æ—Ç —Ç–æ–ø–æ–≤ –∫–æ–º–ø–∞–Ω–∏–∏",–°–æ–Ω—è –∫–ª–∞—Å—Å–Ω–∞—è
2022-12-01 09:10:58,–†–µ—Å–ø–æ–Ω–¥–µ–Ω—Ç 43,–î–∞,–î–∞,–î–∞,–î–∞,–î–∞,–ù–µ—Ç,–î–∞,–î–∞,–î–∞,–î–∞,–î–∞,–î–∞,–î–∞,–î–∞,–î–∞,–ù–µ—Ç,–ù–µ—Ç,–î–∞,–ù–µ—Ç,–î–∞,–î–∞,–î–∞,–î–∞,"–ù–µ –º–æ–≥—É –æ—Ç–≤–µ—Ç–∏—Ç—å, –Ω–µ —Ä–∞–±–æ—Ç–∞—é –±–æ–ª—å—à–µ –≥–æ–¥–∞",,"–ü–µ—Ä–∏–æ–¥–∏—á–µ—Å–∫–∞—è –Ω–µ–¥–æ—Å—Ç—É–ø–Ω–æ—Å—Ç—å –¥—Ä—É–≥–∏—Ö –ª—é–¥–µ–π, –æ—Ç –∫–æ—Ç–æ—Ä—ã—Ö –∑–∞–≤–∏—Å–∏—Ç —Ç–≤–æ—è —Ä–∞–±–æ—Ç–∞. –ù–æ –æ–Ω–∏ –∂–µ –ª—é–¥–∏, –∏—Ö –Ω–µ–ª—å–∑—è –∑–∞—Å—Ç–∞–≤–∏—Ç—å –ø–æ—Å—Ç–æ—è–Ω–Ω–æ –±—ã—Ç—å –¥–æ—Å—Ç—É–ø–Ω—ã–º–∏",
2022-11-30 16:47:44,–†–µ—Å–ø–æ–Ω–¥–µ–Ω—Ç 3,–î–∞,–î–∞,–î–∞,–î–∞,–î–∞,–ù–µ—Ç,–î–∞,–î–∞,–ù–µ—Ç,–î–∞,–ù–µ—Ç,–ù–µ—Ç,–ù–µ—Ç,–î–∞,–î–∞,–î–∞,–î–∞,–î–∞,–î–∞,–î–∞,–î–∞,–î–∞,–î–∞,"–î–ú–°, –Ω–æ–≤—ã–π –æ—Ñ–∏—Å, —Ä–æ—Å—Ç –∫–æ–º–∞–Ω–¥—ã",–ù–µ–∫–æ—Ç–æ—Ä—ã–µ —à–∞–≥–∏ –∏ —Ñ–ª–æ—É —Å—Ç–∞–ª–∏ –∏–∑–ª–∏—à–Ω–µ –±—é—Ä–æ–∫—Ä–∞—Ç–∏—á–µ—Å–∫–∏–º–∏,–Ω–µ—Ç,"–í –æ—Å–Ω–æ–≤–Ω–æ–º –≤—Å–µ –æ—Ç–ª–∏—á–Ω–æ, –∫–æ–ª–ª–µ–≥–∏ –ø—Ä–µ–∫—Ä–∞—Å–Ω—ã–µ, —É—Å–ª–æ–≤–∏—è —Ö–æ—Ä–æ—à–∏–µ, –Ω–∏—á—Ç–æ –Ω–µ –º–µ—à–∞–µ—Ç –ø–∏–ª–∏—Ç—å —Ç–æ–ø–æ–≤—ã–π –ø—Ä–æ–¥—É–∫—Ç. –•–æ—Ç–µ–ª–æ—Å—å –±—ã –ø–æ–Ω–∏–º–∞—Ç—å –Ω–∞—Å–∫–æ–ª—å–∫–æ –¥–æ–ª–≥–æ –º—ã –µ—â–µ –±—É–¥–µ–º –ª–æ—è–ª—å–Ω—ã–º–∏ –∫ —É–¥–∞–ª–µ–Ω–Ω–æ–π —Ä–∞–±–æ—Ç–µ, —á—Ç–æ–±—ã –ø–æ–¥–≥–æ—Ç–æ–≤–∏—Ç—å –∑–∞–ø–∞—Å–Ω—ã–µ –ø–ª–∞–Ω—ã –≤ —ç—Ç–æ –Ω–µ–ø—Ä–æ—Å—Ç–æ–µ –≤—Ä–µ–º—è. "
2022-12-09 15:06:38,–†–µ—Å–ø–æ–Ω–¥–µ–Ω—Ç 28,–î–∞,–î–∞,–ù–µ—Ç,–î–∞,–î–∞,–î–∞,–î–∞,–î–∞,–î–∞,–î–∞,–ù–µ—Ç,–î–∞,–î–∞,–î–∞,–ù–µ—Ç,–î–∞,–î–∞,–î–∞,–î–∞,–î–∞,–î–∞,–ù–µ—Ç,–î–∞,,,,
2022-11-30 19:42:08,–†–µ—Å–ø–æ–Ω–¥–µ–Ω—Ç 89,–î–∞,–î–∞,–î–∞,–î–∞,–î–∞,–î–∞,–î–∞,–î–∞,–î–∞,–ù–µ—Ç,–î–∞,–î–∞,–ù–µ—Ç,–î–∞,–î–∞,–î–∞,–î–∞,–î–∞,–ù–µ—Ç,–î–∞,–ù–µ—Ç,–ù–µ—Ç,–î–∞,"- –ü—Ä–æ–≤–µ–¥–µ–Ω–∏–µ –∫–æ–Ω—Ñ–µ—Ä–µ–Ω—Ü–∏–∏. –ü–æ–º–æ–≥–∞–µ—Ç —Å–∏–Ω—Ö—Ä–æ–Ω–∏–∑–∏—Ä–æ–≤–∞—Ç—å—Å—è –Ω–µ –ø–æ–≥—Ä—É–∂–µ–Ω–Ω—ã–º —Å–æ—Ç—Ä—É–¥–Ω–∏–∫–∞–º, –æ—Å–æ–±–µ–Ω–Ω–æ —É–¥–∞–ª–µ–Ω—â–∏–∫–∞–º. 
- –ü–æ–ø—ã—Ç–∫–∏ —É—Ä–∞–≤–Ω—è—Ç—å –æ—Ñ–∏—Å–Ω—ã—Ö –∏ —É–¥–∞–ª–µ–Ω–Ω—ã—Ö —Å–æ—Ç—Ä—É–¥–Ω–∏–∫–æ–≤, —Ö–æ—Ç—è –±—ã —á–∞—Å—Ç–∏—á–Ω–æ) 
- –ù–µ—Å–∫–æ–ª—å–∫–æ –ª—é–±–æ–ø—ã—Ç–Ω—ã—Ö —Ç—Ä–µ–Ω–∏–Ω–≥–æ–≤","- –ù–µ–ø—Ä–æ–∑—Ä–∞—á–Ω–æ—Å—Ç—å –Ω–µ–∫–æ—Ç–æ—Ä—ã—Ö –ø—Ä–æ—Ü–µ—Å—Å–æ–≤ –≤ –æ—Ä–≥–∞–Ω–∏–∑–∞—Ü–∏–æ–Ω–Ω—ã—Ö –≤–æ–ø—Ä–æ—Å–∞—Ö.
- –û—Ç—Å—É—Ç—Å—Ç–≤–∏–µ –ø—Ä–æ—Ü–µ—Å—Å–æ–≤ –≤—ã—Å—Ç—Ä–∞–∏–≤–∞–Ω–∏–µ –≥–∏–±—Ä–∏–¥–Ω–æ–π/—É–¥–∞–ª–µ–Ω–Ω–æ–π —Ä–∞–±–æ—Ç—ã. 
- –°–æ—Ç—Ä—É–¥–Ω–∏–∫–∏, –∫–æ—Ç–æ—Ä—ã–µ –Ω–∞—Ö–æ–¥—è—Ç—Å—è –≤–Ω–µ —Å—É–±–æ—Ä–¥–∏–Ω–∞—Ü–∏–∏ –∏ —Ä–µ—à–∞—é—Ç —Ä–∞–±–æ—á–∏–µ –≤–æ–ø—Ä–æ—Å—ã —Ç–æ–ª—å–∫–æ –ø–æ ""–©—É—á—å–µ–º—É –≤–µ–ª–µ–Ω—å—é"".","- –ù–µ –≤—Å–µ–≥–¥–∞ –ø–æ–Ω—è—Ç–Ω–æ, –≤ –∫–∞–∫–æ–º –ø—Ä–∏–æ—Ä–∏—Ç–µ—Ç–µ –Ω–∞—Ö–æ–¥–∏—Ç—Å—è —Ç–≤–æ—è –∑–∞–¥–∞—á–∞, —á—Ç–æ –º–æ–∂–µ—Ç –ø–æ—Å–ª—É–∂–∏—Ç—å –ø—Ä–∏—á–∏–Ω–æ–π –µ–µ —Å–¥–≤–∏–≥–∞. –û–±—Ä–∞—Ç–Ω–∞—è —Å–≤—è–∑—å –æ—Ç –Ω–µ–∫–æ—Ç–æ—Ä—ã—Ö –æ—Ç–¥–µ–ª–æ–≤
",–í—Å–µ–º –¥–æ–±—Ä–∞)
2022-12-02 14:56:28,–†–µ—Å–ø–æ–Ω–¥–µ–Ω—Ç 131,–ù–µ—Ç,–ù–µ—Ç,–ù–µ—Ç,–ù–µ—Ç,–ù–µ—Ç,–î–∞,–ù–µ—Ç,–î–∞,–î–∞,–ù–µ—Ç,–ù–µ—Ç,–ù–µ—Ç,–î–∞,–ù–µ—Ç,–ù–µ—Ç,–î–∞,–î–∞,–î–∞,–î–∞,–î–∞,–î–∞,–î–∞,–ù–µ—Ç,–ø–æ—Ä–∞–¥–æ–≤–∞–ª–∞ –ö–∞–º–∞ –∫–æ–Ω—Ñ,,,
2022-12-02 13:02:45,–†–µ—Å–ø–æ–Ω–¥–µ–Ω—Ç 64,–î–∞,–î–∞,–î–∞,–ù–µ—Ç,–î–∞,–ù–µ—Ç,–î–∞,–î–∞,–î–∞,–î–∞,–î–∞,–î–∞,–î–∞,–ù–µ—Ç,–ù–µ—Ç,–î–∞,–î–∞,–î–∞,–î–∞,–î–∞,–î–∞,–î–∞,–î–∞,"–ù–µ –∑–Ω–∞—é, –≥–æ–¥ –Ω–µ –ø—Ä–æ—à–µ–ª","–°–∫–∞–Ω–¥–∞–ª—ã, –∏–Ω—Ç—Ä–∏–≥–∏, —Ä–∞—Å—Å–ª–µ–¥–æ–≤–∞–Ω–∏—è))",–î–∞,
2022-11-30 16:47:37,–†–µ—Å–ø–æ–Ω–¥–µ–Ω—Ç 45,–î–∞,–î–∞,–î–∞,–î–∞,–î–∞,–î–∞,–î–∞,–î–∞,–î–∞,–î–∞,–î–∞,–î–∞,–î–∞,–ù–µ—Ç,–î–∞,–ù–µ—Ç,–ù–µ—Ç,–î–∞,–î–∞,–î–∞,–ù–µ—Ç,–î–∞,–î–∞,"–Ω–µ —Ç–∞–∫ –¥–∞–≤–Ω–æ, —á—Ç–æ–±—ã –æ—Ç–≤–µ—Ç–∏—Ç—å",–∑–∞—Ç—Ä—É–¥–Ω—è—é—Å—å –æ—Ç–≤–µ—Ç–∏—Ç—å,–Ω–µ—Ç,—ã
2022-12-02 19:39:46,–†–µ—Å–ø–æ–Ω–¥–µ–Ω—Ç 148,–î–∞,–î–∞,–î–∞,–î–∞,–î–∞,–ù–µ—Ç,–î–∞,–î–∞,–î–∞,–î–∞,–ù–µ—Ç,–ù–µ—Ç,–î–∞,–î–∞,–î–∞,–î–∞,–î–∞,–î–∞,–î–∞,–î–∞,–ù–µ—Ç,–î–∞,–î–∞,"–Ø —Ä–∞–±–æ—Ç–∞—é —Ç–æ–ª—å–∫–æ –¥–≤–∞ –º–µ—Å—è—Ü–∞, –ø–æ–∫–∞ –∫–∞—Ä–¥–∏–Ω–∞–ª—å–Ω—ã—Ö –∏–∑–º–µ–Ω–µ–Ω–∏–π –Ω–µ –∑–∞—Å—Ç–∞–ª.",–ù–µ—Ç —Ö–ª–µ–±–∞ –Ω–∞ –∫—É—Ö–Ω–µ.,"–ù–µ—Ç, –≤—Å–µ –ø–æ–∑–≤–æ–ª—è–µ—Ç —Ä–∞–±–æ—Ç–∞—Ç—å –≤ –º–æ–µ–º —Ç–µ–º–ø–µ.",
2022-11-30 17:04:42,–†–µ—Å–ø–æ–Ω–¥–µ–Ω—Ç 57,–î–∞,–î–∞,–î–∞,–î–∞,–î–∞,–î–∞,–î–∞,–î–∞,–î–∞,–î–∞,–î–∞,–î–∞,–î–∞,–î–∞,–î–∞,–î–∞,–î–∞,–î–∞,–ù–µ—Ç,–ù–µ—Ç,–î–∞,–ù–µ—Ç,–î–∞,,"–ù–µ —Ö–≤–∞—Ç–∞–µ—Ç —Å–æ–≥–ª–∞—Å–æ–≤–∞–Ω–Ω–æ—Å—Ç–∏ –º–µ–∂–¥—É –æ—Ç–¥–µ–ª–∞–º–∏. –ë—ã–≤–∞—é—Ç —Å–∏—Ç—É–∞—Ü–∏–∏, –∫–æ–≥–¥–∞ –∏–∑-–∑–∞ –Ω–µ —Ö–≤–∞—Ç–∫–∏ –∏–Ω—Ñ–æ—Ä–º–∞—Ü–∏–∏ –æ –∑–∞–≥—Ä—É–∑–∫–∏ –æ—Ç–¥–µ–ª–æ–≤ –ø–æ—Å—Ç–∞–≤–ª–µ–Ω–Ω–∞—è –∑–∞–¥–∞—á–∞ –Ω–∞ —Ç–æ—Ç –∏–ª–∏ –∏–Ω–æ–π –æ—Ç–¥–µ–ª —Å–∏–ª—å–Ω–æ –≤–ª–∏—è–µ—Ç –Ω–∞ —Ä–∞–±–æ—á–∏–µ –ø—Ä–æ—Ü–µ—Å—Å—ã –≤–Ω—É—Ç—Ä–∏ —ç—Ç–æ–≥–æ –æ—Ç–¥–µ–ª–∞. –í —Å–≤–æ—é –æ—á–µ—Ä–µ–¥—å —ç—Ç–æ —Å–Ω–∏–∂–∞–µ—Ç –ö–ü–î –∏ –º–æ–∂–µ—Ç –ø–æ–≤–ª–∏—è—Ç—å –Ω–∞ –≤–∑–∞–∏–º–æ–æ—Ç–Ω–æ—à–µ–Ω–∏—è –º–µ–∂–¥—É –æ—Ç–¥–µ–ª–∞–º–∏ –≤ —Ö—É–¥—à—É—é —Å—Ç–æ—Ä–æ–Ω—É.",,"–í —Ü–µ–ª–æ–º –º–Ω–µ –≤—Å–µ –Ω—Ä–∞–≤–∏—Ç—Å—è, –Ω–µ –≤—Å–µ–≥–¥–∞ –≤—Å–µ –ø–æ–Ω—è—Ç–Ω–æ, –Ω–æ –∫–æ–º–ø–∞–Ω–∏—è –ª–æ—è–ª—å–Ω–æ –æ—Ç–Ω–æ—Å–∏—Ç—Å—è –∫ –∂–µ–ª–∞–Ω–∏—é —Ä–∞–∑–æ–±—Ä–∞—Ç—å—Å—è –≤ —á–µ–º –ª–∏–±–æ. –ö–æ–ª–ª–µ–∫—Ç–∏–≤ –æ—Ç–∑—ã–≤—á–∏–≤ –∏ –ø–æ–º–æ–≥–∞–µ—Ç —Ä–∞–∑–æ–±—Ä–∞—Ç—å—Å—è —Å –≤–æ–ø—Ä–æ—Å–∞–º–∏ –±—ã—Å—Ç—Ä–µ–µ. –ò–∑-–∑–∞ –Ω–µ—Ö–≤–∞—Ç–∫–∏ —Å–æ–≥–ª–∞—Å–æ–≤–∞–Ω–Ω–æ—Å—Ç–∏ –∏–Ω–æ–≥–¥–∞ –≤–æ–∑–Ω–∏–∫–∞–µ—Ç –Ω–∞–ø—Ä—è–∂–µ–Ω–∏–µ –º–µ–∂–¥—É –æ—Ç–¥–µ–ª–∞–º–∏, –Ω–æ –≤ —Ü–µ–ª–æ–º –ª–µ—á–∏—Ç—Å—è –æ–±—Å—É–∂–¥–µ–Ω–∏–µ–º –≤–æ–∑–Ω–∏–∫—à–∏—Ö –ø—Ä–æ–±–ª–µ–º –º–µ–∂–¥—É –æ—Ç–¥–µ–ª–∞–º–∏. "
2022-11-30 16:52:08,–†–µ—Å–ø–æ–Ω–¥–µ–Ω—Ç 17,–î–∞,–î–∞,–î–∞,–î–∞,–î–∞,–ù–µ—Ç,–î–∞,–î–∞,–î–∞,–î–∞,–ù–µ—Ç,–ù–µ—Ç,–î–∞,–ù–µ—Ç,–ù–µ—Ç,–ù–µ—Ç,–ù–µ—Ç,–î–∞,–î–∞,–î–∞,–î–∞,–î–∞,–î–∞,—Ç–æ–ª—å–∫–æ –Ω–∞—á–∞–ª —Ä–∞–±–æ—Ç–∞—Ç—å —Å:,"–°–ö–î –Ω–µ —É—á–∏—Ç—ã–≤–∞–µ—Ç —á—Ç–æ –∫—É—Ä—è—â–∏–º –ª—é–¥—è–º –Ω–µ–æ–±—Ö–æ–¥–∏–º–æ –º–Ω–æ–≥–æ –≤—Ä–µ–º–µ–Ω–∏ —Ç—Ä–∞—Ç–∏—Ç—å –Ω–∞ —Ç–∞–∫–∏–µ –≤–µ—â–∏ –∫–∞–∫ –æ–∂–∏–¥–∞–Ω–∏–µ –ª–∏—Ñ—Ç–∞ –∏ –≤—Ä–µ–º—è –¥–æ–π—Ç–∏ –¥–æ –∫—É—Ä–∏–ª–∫–∏ –∏–∑-–∑–∞ —ç—Ç–æ–≥–æ —Ç—è–∂–µ–ª–æ —É–∫–ª–∞–¥—ã–≤–∞—Ç—å –ø–µ—Ä–µ—Ä—ã–≤—ã –≤ 1 —á–∞—Å –∏ –ø–æ–ª—É—á–∞–µ—Ç—Å—è, —á—Ç–æ –∑–∞–¥–µ—Ä–∂–∏–≤–∞–µ—à—å—Å—è –Ω–∞ —Ä–∞–±–æ—Ç–µ",–ù–µ—Ç,‚äÇ‚óâ ‚Äø ‚óâ„Å§
2022-12-02 16:21:24,–†–µ—Å–ø–æ–Ω–¥–µ–Ω—Ç 144,–î–∞,–î–∞,–î–∞,–î–∞,–î–∞,–î–∞,–î–∞,–î–∞,–î–∞,–î–∞,–î–∞,–î–∞,–î–∞,–î–∞,–î–∞,–î–∞,–î–∞,–î–∞,–î–∞,–î–∞,–î–∞,–î–∞,–î–∞,,,,
2022-12-06 14:53:09,–†–µ—Å–ø–æ–Ω–¥–µ–Ω—Ç 170,–î–∞,–î–∞,–î–∞,–î–∞,–î–∞,–î–∞,–î–∞,–î–∞,–î–∞,–î–∞,–î–∞,–î–∞,–î–∞,–ù–µ—Ç,–î–∞,–ù–µ—Ç,–ù–µ—Ç,–î–∞,–î–∞,–î–∞,–î–∞,–î–∞,–î–∞,–Ω–æ–≤—ã–π –æ—Ñ–∏—Å!,,,—Ö–æ—á—É —Å–∫–∞–∑–∞—Ç—å –ë–û–õ–¨–®–û–ï –°–ü–ê–°–ò–ë–û! –∑–∞ –∫–∞—á–µ—Å—Ç–≤–µ–Ω–Ω—ã–π –ø–æ–¥—Ö–æ–¥ –∫ —Ä–∞–±–æ—Ç–µ –∏ –ø–æ–¥–¥–µ—Ä–∂–∫—É —Å–æ—Ç—Ä—É–¥–Ω–∏–∫–æ–≤!)
2022-11-30 16:56:05,–†–µ—Å–ø–æ–Ω–¥–µ–Ω—Ç 34,–î–∞,–î–∞,–î–∞,–î–∞,–î–∞,–ù–µ—Ç,–î–∞,–î–∞,–î–∞,–î–∞,–î–∞,–î–∞,–î–∞,–ù–µ—Ç,–ù–µ—Ç,–î–∞,–î–∞,–ù–µ—Ç,–ù–µ—Ç,–î–∞,–î–∞,–ù–µ—Ç,–î–∞,"–ù–æ–≤—ã–π –æ—Ñ–∏—Å, –ø—Ä–æ–≥—Ä–∞–º–º–∞ –Ø—Å–Ω–æ –∏ –ø–æ–¥–¥–µ—Ä–∂–∫–∞ —Ä—É–∫–æ–≤–æ–¥—Å—Ç–≤–∞ –≤–æ –≤—Ä–µ–º—è –º–æ–±–∏–ª–∏–∑–∞—Ü–∏–∏","–û—Ç—Å—É—Ç—Å—Ç–≤–∏–µ –∫—É—Ä–∏–ª–∫–∏, –ø–æ—Å—Ç–æ—è–Ω–Ω—ã–µ —Å–ª–æ–∂–Ω–æ—Å—Ç–∏ —Å –±—ã—Ç–æ–≤—ã–º–∏ —à—Ç—É–∫–∞–º–∏ - –Ω–∞ –∫—É—Ö–Ω–µ –Ω–µ—Ç –º—ã–ª–∞, –Ω–∞ –∫–æ—Ñ–µ–ø–æ–∏–Ω—Ç–µ –æ–Ω–æ —Å–ª–æ–º–∞–Ω–æ —É–∂–µ –º–µ—Å—è—Ü. –ö–æ—Ñ–µ –Ω–∞ –∫–æ—Ñ–µ–ø–æ–∏–Ω—Ç–µ –¥—Ä—É–≥–æ–µ, —á–µ–º –Ω–∞ –∫—É—Ö–Ω–µ (–Ω–µ–≤–∫—É—Å–Ω–æ–µ). –ü—Ä–æ –∫–æ—Ñ–µ–ø–æ–∏–Ω—Ç –æ–∫–æ–ª–æ –º–∞—Ä–∫–µ—Ç–∏–Ω–≥–∞ –æ—Ç–¥–µ–ª—å–Ω–æ - —Ç–∞–º –≤—Å–µ–≥–¥–∞ –ø–∞—Ö–Ω–µ—Ç, —Å—Ç–æ–∏—Ç –≤–µ–¥—Ä–æ —Å –ø–æ–º–æ—è–º–∏. –°–æ–∫–∏ –ø–æ—Å—Ç–æ—è–Ω–Ω–æ –∑–∞–∫–∞–Ω—á–∏–≤–∞—é—Ç—Å—è, –º–∞–ª–µ–Ω—å–∫–∏–π —Ö–æ–ª–æ–¥–∏–ª—å–Ω–∏–∫.",–ù–µ–ø—Ä–æ–∑—Ä–∞—á–Ω–æ—Å—Ç—å —Ä–∞–±–æ—Ç—ã –¥—Ä—É–≥–∏—Ö –æ—Ç–¥–µ–ª–æ–≤,"–°–ø–∞—Å–∏–±–æ –∑–∞ –æ–ø—Ä–æ—Å, –Ω–µ —É–≤–æ–ª—å–Ω—è–π—Ç–µ –º–µ–Ω—è –∑–∞ –Ω–µ–≥–æ)"
2022-12-02 16:04:09,–†–µ—Å–ø–æ–Ω–¥–µ–Ω—Ç 143,–î–∞,–î–∞,–î–∞,–î–∞,–î–∞,–ù–µ—Ç,–î–∞,–î–∞,–î–∞,–î–∞,–ù–µ—Ç,–ù–µ—Ç,–î–∞,–ù–µ—Ç,–ù–µ—Ç,–î–∞,–î–∞,–î–∞,–î–∞,–î–∞,–î–∞,–ù–µ—Ç,–î–∞,"–î–ª—è –º–µ–Ω—è —Ä–µ—à–∞—é—â–∏–º –æ–∫–∞–∑–∞–ª–∞—Å—å –≤–æ–∑–º–æ–∂–Ω–æ—Å—Ç—å –ø–µ—Ä–µ–π—Ç–∏ –≤ —Å–æ–ª–∞—Ä —Å –Ω–∞—á–∞–ª–æ–º –º–æ–±–∏–ª–∏–∑–∞—Ü–∏–∏ –∏ –ø–æ–ª–Ω–æ—Ü–µ–Ω–Ω–æ —Ä–∞–±–æ—Ç–∞—Ç—å —É–¥–∞–ª–µ–Ω–Ω–æ –∏–∑ –¥—Ä—É–≥–æ–π —Å—Ç—Ä–∞–Ω—ã –≤ –±–µ–∑–æ–ø–∞—Å–Ω–æ—Å—Ç–∏ –±–µ–∑ –∫–∞–∫–∏—Ö –±—ã —Ç–æ –Ω–∏ –±—ã–ª–æ –æ–≥—Ä–∞–Ω–∏—á–µ–Ω–∏–π. –í —Ç–æ—Ç –º–æ–º–µ–Ω—Ç –≤ —Å–µ–Ω—Ç—è–±—Ä–µ-–æ–∫—Ç—è–±—Ä–µ —è –±—ã–ª –≤ –ø–æ–ª–Ω–æ–º —Å–º—è—Ç–µ–Ω–∏–∏, –Ω–æ –∫–æ–≥–¥–∞ —É–∑–Ω–∞–ª –ø—Ä–æ —ç—Ç—É –≤–æ–∑–º–æ–∂–Ω–æ—Å—Ç—å, –≤—ã–±–æ—Ä —Å—Ç–∞–ª –æ—á–µ–≤–∏–¥–µ–Ω –≥–¥–µ –ø—Ä–æ–¥–æ–ª–∂–∞—Ç—å —Ä–∞–±–æ—Ç—É. –ë–æ–ª—å—à–æ–µ —á–µ–ª–æ–≤–µ—á–µ—Å–∫–æ–µ —Å–ø–∞—Å–∏–±–æ –∑–∞ —ç—Ç–æ","–°–ª–∞–±–∞—è –ø–æ–º–æ—â—å –≤ –Ω–∞—á–∞–ª–µ —Ä–∞–±–æ—Ç—ã —É–¥–∞–ª–µ–Ω–Ω—ã–º —Å–æ—Ç—Ä—É–¥–Ω–∏–∫–∞–º, –æ—Å–æ–±–µ–Ω–Ω–æ –¥–∂—É–Ω–∞–º-–ø—Ä–æ–≥—Ä–∞–º–º–∏—Å—Ç–∞–º (–≤—Ä–æ–¥–µ –±—ã —Ç–∞–∫–∏–µ —É–¥–∞–ª–µ–Ω—â–∏–∫–∏ —Å–µ–π—á–∞—Å —Ç–æ–∂–µ –µ—Å—Ç—å). –•–æ—Ä–æ—à–æ –ø—Ä–µ–¥—Å—Ç–∞–≤–ª—è—é —á–µ—Ä–µ–∑ –∫–∞–∫–∏–µ –≥—Ä–∞–±–ª–∏ –∏–º –ø—Ä–∏—à–ª–æ—Å—å –ø—Ä–æ–π—Ç–∏. –î–ª—è –º–µ–Ω—è —ç—Ç–æ –¥–∞–≤–Ω–æ –ø—Ä–æ–π–¥–µ–Ω–Ω—ã–π —ç—Ç–∞–ø, –Ω–æ —è –±—ã —Å —É–¥–æ–≤–æ–ª—å—Å—Ç–≤–∏–µ–º –ø–æ–º–æ–≥ –∏–º –±—ã—Å—Ç—Ä–µ–µ –≤–ª–∏—Ç—å—Å—è –≤ —Ä–∞–±–æ—Ç—É –∏ –Ω–µ –Ω–∞—Å—Ç—É–ø–∞—Ç—å –Ω–∞ –≤—Å–µ —Ç–µ –∂–µ –≥—Ä–∞–±–ª–∏, —á–µ—Ä–µ–∑ –∫–æ—Ç–æ—Ä—ã–µ —è –ø—Ä–æ—à–µ–ª —Å–∞–º. –î—É–º–∞—é, —ç—Ç–æ –º–æ–∂–µ—Ç —Å–∏–ª—å–Ω–æ —Ç–æ—Ä–º–æ–∑–∏—Ç—å –∏—Ö —Ä–∞–∑–≤–∏—Ç–∏–µ –≤ –ø–µ—Ä–≤—ã–µ –Ω–µ—Å–∫–æ–ª—å–∫–æ –º–µ—Å—è—Ü–µ–≤ —Ä–∞–±–æ—Ç—ã. –ó–∞ –≤—Å–µ –≤—Ä–µ–º—è –º–Ω–µ –Ω–∞–ø–∏—Å–∞–Ω–æ 0 —á–µ–ª–æ–≤–µ–∫ —Å –ø–æ–¥–æ–±–Ω—ã–º–∏ –≤–æ–ø—Ä–æ—Å–∞–º–∏. –ù—É –æ–Ω–∏, –≤–µ—Ä–æ—è—Ç–Ω–æ, –∏ –Ω–µ –∑–Ω–∞—é—Ç, —á—Ç–æ —É –Ω–∞—Å –≤ –∫–æ–º–ø–∞–Ω–∏–∏ –µ—Å—Ç—å —Ç–µ, –∫—Ç–æ —É–∂–µ –ø—Ä–æ—à–µ–ª —á–µ—Ä–µ–∑ –≤—Å–µ —ç—Ç–æ –∏ –º–æ–∂–µ—Ç –ø–æ–º–æ—á—å. –ê –∂–∞–ª—å.

–ü–æ–º–∏–º–æ —ç—Ç–æ–≥–æ, –Ω–∞–≤–µ—Ä–Ω–æ–µ, –æ—á–µ–Ω—å —Å–ª–∞–±–∞—è –∫–æ–º–º—É–Ω–∏–∫–∞—Ü–∏—è –º–µ–∂–¥—É —Ä–∞–∑–Ω—ã–º–∏ –æ—Ç–¥–µ–ª–∞–º–∏. –ù–∞–ø—Ä–∏–º–µ—Ä, —è –∏–º–µ—é –Ω–µ –æ—á–µ–Ω—å —Ö–æ—Ä–æ—à–µ–µ –ø—Ä–µ–¥—Å—Ç–∞–≤–ª–µ–Ω–∏–µ –æ —Ç–æ–º —á–µ–º –∑–∞–Ω–∏–º–∞—é—Ç—Å—è –≤ —Å–ª–æ—Ç–∞—Ö –∏–ª–∏ –µ—â–µ –ª—É—á—à–µ –≤ –î—Ä—É–≥–í–æ–∫—Ä—É–≥. –°—á–∏—Ç–∞—é, —á—Ç–æ –±—ã–ª–æ –±—ã –Ω–µ–ø–ª–æ—Ö–æ –∏–Ω–æ–≥–¥–∞ –ø—Ä–æ–≤–æ–¥–∏—Ç—å –ø—Ä–µ–∑–µ–Ω—Ç–∞—Ü–∏–∏ —á—Ç–æ–±—ã —Ä–∞–∑–Ω—ã–µ –∫–æ–º–∞–Ω–¥—ã (—É–¥–∞–ª–µ–Ω—â–∏–∫–æ–≤ –≤ –ø–µ—Ä–≤—É—é –æ—á–µ—Ä–µ–¥—å) –ª—É—á—à–µ –ø—Ä–µ–¥—Å—Ç–∞–≤–ª—è–ª–∏ —á–µ–º –∑–∞–Ω–∏–º–∞—é—Ç—Å—è –Ω–∞ –Ω–∞—à–µ–π —Ä–∞–±–æ—Ç–µ –≤ –¥—Ä—É–≥–∏—Ö –æ—Ç–¥–µ–ª–∞—Ö. –≠—Ç–æ –µ—â–µ –∏ –ø–æ–ª–µ–∑–Ω–æ, –ø–æ—Ç–æ–º—É —á—Ç–æ –∏–Ω–æ–≥–¥–∞ —Å–ª—É—á–∞—é—Ç—Å—è –ø–µ—Ä–µ–≤–æ–¥—ã –∏–∑ –æ–¥–Ω–æ–≥–æ –≤ –¥—Ä—É–≥–æ–π (–∫–∞–∫ –º–∏–Ω–∏–º—É–º —è –∑–Ω–∞—é –æ–± –æ–¥–Ω–æ–º —Ç–∞–∫–æ–º). –ù—É –∞ –µ—Å–ª–∏ —Ç–µ–±—è, –Ω–∞–ø—Ä–∏–º–µ—Ä, –∏–∑ –ü–æ–∫–µ—Ä–∞ –≤–Ω–µ–∑–∞–ø–Ω–æ –ø–µ—Ä–µ–≤–µ–¥—É—Ç –≤ –°–ª–æ—Ç—ã, —Ç–æ –≤ —ç—Ç–æ–º —Å–ª—É—á–∞–µ –±—ã–ª–æ –±—ã –ø–æ–ª–µ–∑–Ω–æ –∑–Ω–∞—Ç—å –∏–∑–Ω–∞—á–∞–ª—å–Ω–æ —á–µ–º –æ–Ω–∏ —Ç–∞–º –∑–∞–Ω–∏–º–∞—é—Ç—Å—è –∏ —á–µ–º –∏—Ö –ø–æ–¥—Ö–æ–¥—ã –≤–æ–æ–±—â–µ –æ—Ç–ª–∏—á–∞—é—Ç—Å—è –æ—Ç —Ç–µ—Ö, —Å –∫–æ—Ç–æ—Ä—ã–º–∏ —Ç—ã –∑–Ω–∞–∫–æ–º –∏ –∫ –∫–æ—Ç–æ—Ä—ã–º –ø—Ä–∏–≤—ã–∫ (–∞ –æ–Ω–∏ –æ—Ç–ª–∏—á–∞—é—Ç—Å—è)","–û–¥–∏–Ω —á–∏—Å—Ç–æ —Ç–µ—Ö–Ω–∏—á–µ—Å–∫–∏–π –∞—Å–ø–µ–∫—Ç, —Å –∫–æ—Ç–æ—Ä—ã–º —è —Å—Ç–æ–ª–∫–Ω—É–ª—Å—è –Ω–∞ –ø–æ—Å–ª–µ–¥–Ω–µ–º –∫—Ä—É–ø–Ω–æ–º —Ç–∞—Å–∫–µ: –Ω–µ —Ö–≤–∞—Ç–∞–µ—Ç —Å–µ—Ä–≤–µ—Ä–æ–≤ –¥–ª—è —Ä–∞–∑—Ä–∞–±–æ—Ç—á–∏–∫–æ–≤ –∏ —Ç–µ—Å—Ç–µ—Ä–æ–≤. –ù–∞–ø—Ä–∏–º–µ—Ä, —É–∂–µ –æ–∫–æ–ª–æ –Ω–µ–¥–µ–ª–∏ –º—ã –¥–µ–ª–∏–º –æ–¥–∏–Ω-–µ–¥–∏–Ω—Å—Ç–≤–µ–Ω–Ω—ã–π —Å–µ—Ä–≤–µ—Ä —Å —Ç–µ—Å—Ç–µ—Ä–∞–º–∏, –∫–æ—Ç–æ—Ä—ã–µ –ø–æ–∫–∞ –∑–∞–Ω—è—Ç—ã —Å–≤–æ–µ–π —Ä–∞–±–æ—Ç–æ–π, —ç—Ç–æ —Å—Ç–æ–ø–æ—Ä–∏—Ç –Ω–∞—à—É (–∏ –ø–æ–ª–∞–≥–∞—é –Ω–∞–æ–±–æ—Ä–æ—Ç). –ë—ã–ª–æ –±—ã –Ω–µ–ø–ª–æ—Ö–æ –≤—Å–µ–≥–¥–∞ –∏–º–µ—Ç—å —á–∏—Å—Ç–æ —Å–≤–æ–π –Ω–µ–∑–∞–≤–∏—Å–∏–º—ã–π –æ—Ç —Ç–µ—Å—Ç–µ—Ä–æ–≤ —Å–µ—Ä–≤–µ—Ä, —á—Ç–æ–±—ã –Ω–µ –º–µ—à–∞—Ç—å –¥—Ä—É–≥ –¥—Ä—É–≥—É –≤—ã–ø–æ–ª–Ω—è—Ç—å —Å–≤–æ—é —Ä–∞–±–æ—Ç—É",
2022-12-05 16:26:16,–†–µ—Å–ø–æ–Ω–¥–µ–Ω—Ç 168,–î–∞,–î–∞,–ù–µ—Ç,–ù–µ—Ç,–ù–µ—Ç,–ù–µ—Ç,–î–∞,–ù–µ—Ç,–ù–µ—Ç,–î–∞,–î–∞,–î–∞,–î–∞,–î–∞,–ù–µ—Ç,–ù–µ—Ç,–ù–µ—Ç,–î–∞,–ù–µ—Ç,–ù–µ—Ç,–î–∞,–î–∞,–î–∞,–ü–∏—Ä–æ–∂–∏–Ω–∫–∏ –Ω–∞ –∫—É—Ö–Ω–µ,–ù–µ—Ç –∫—Ä–µ—Å–µ–ª-–º–µ—à–∫–æ–≤. –ú–Ω–µ –Ω–µ –Ω—Ä–∞–≤–∏—Ç—Å—è –î–ú–°,–î–∞–ª–µ–∫–æ —Ö–æ–¥–∏—Ç—å –Ω–∞ –∫—É—Ö–Ω—é,–ë—É–ª—å-–±—É–ª—å
2022-11-30 17:04:18,–†–µ—Å–ø–æ–Ω–¥–µ–Ω—Ç 20,–î–∞,–î–∞,–ù–µ—Ç,–î–∞,–î–∞,–ù–µ—Ç,–î–∞,–î–∞,–î–∞,–î–∞,–ù–µ—Ç,–î–∞,–î–∞,–ù–µ—Ç,–ù–µ—Ç,–ù–µ—Ç,–î–∞,–î–∞,–ù–µ—Ç,–î–∞,–ù–µ—Ç,–î–∞,–î–∞,,–ù–æ–≤—ã–π –æ—Ñ–∏—Å –Ω–µ –æ—á–µ–Ω—å –Ω—Ä–∞–≤–∏—Ç—Å—è. –í —Ü–µ–ª–æ–º —Å—Ç–∞—Ä—ã–π –±—ã–ª –ª—É—à—á–µ. –°—é–¥–∞ –µ—Ö–∞—Ç—å –¥–æ–ª—å—à–µ –∏ –ø—É—Ç—å –Ω–µ –æ—á–µ–Ω—å –≤ —Å—Ä–∞–≤–Ω–µ–µ —Å —Ç–µ–º.,,
2022-12-05 13:32:38,–†–µ—Å–ø–æ–Ω–¥–µ–Ω—Ç 167,–ù–µ—Ç,–ù–µ—Ç,–ù–µ—Ç,–î–∞,–î–∞,–î–∞,–î–∞,–î–∞,–î–∞,–î–∞,–ù–µ—Ç,–ù–µ—Ç,–î–∞,–ù–µ—Ç,–ù–µ—Ç,–ù–µ—Ç,–ù–µ—Ç,–î–∞,–î–∞,–î–∞,–î–∞,–î–∞,–î–∞,,–Ω–µ –≤—Å–µ–≥–¥–∞ —á–µ—Ç–∫–∏–µ –∑–∞–¥–∞—á–∏,"–±–æ–ª—å—à–æ–µ –∫–æ–ª–∏—á–µ—Å—Ç–≤–æ –ø—Ä–æ–µ–∫—Ç–Ω—ã—Ö –∑–Ω–∞–Ω–∏–π, –Ω–µ–¥–æ—Å—Ç—É–ø–Ω—ã—Ö –ø–æ–∫–∞ –Ω–µ –ø–æ–≥–æ–≤–æ—Ä–∏—à—å —Å –Ω—É–∂–Ω—ã–º —á–µ–ª–æ–≤–µ–∫–æ–º",
2022-11-30 17:15:58,–†–µ—Å–ø–æ–Ω–¥–µ–Ω—Ç 19,–î–∞,–î–∞,–î–∞,–î–∞,–î–∞,–ù–µ—Ç,–î–∞,–î–∞,–î–∞,–î–∞,–î–∞,–î–∞,–î–∞,–ù–µ—Ç,–î–∞,–î–∞,–î–∞,–î–∞,–î–∞,–î–∞,–î–∞,–ù–µ—Ç,–î–∞,"–ù–æ–≤—ã–π –æ—Ñ–∏—Å, –î–ú–°, –∏–Ω–¥–µ–∫—Å–∞—Ü–∏—è –∑–ø –≤ –º–∞—Ä—Ç–µ, –ø–æ–¥–¥–µ—Ä–∂–∫–∞ –≤ –ø–µ—Ä–∏–æ–¥ –º–æ–±–∏–ª–∏–∑–∞—Ü–∏–∏, –ª–µ—Ç–Ω–∏–π –∫–æ—Ä–ø–æ—Ä–∞—Ç–∏–≤","–§–∏–∫—Å–∏—Ä–æ–≤–∞–Ω–Ω—ã–π –æ—Ç–ø—É—Å–∫, –º–∞–ª–æ–µ –∫–æ–ª–∏—á–µ—Å—Ç–≤–æ –ø–æ–≤–æ–¥–æ–≤ —Å–æ–±–∏—Ä–∞—Ç—å—Å—è –≤—Å–µ–π –∫–æ–º–ø–∞–Ω–∏–µ–π –∏ –æ–±—â–∞—Ç—å—Å—è
–û—Ç—Å—É—Ç—Å—Ç–≤–∏–µ –≤–æ–∑–º–æ–∂–Ω–æ—Å—Ç–∏ —Ä–∞–±–æ—Ç–∞—Ç—å —É–¥–∞–ª–µ–Ω–Ω–æ —Ö–æ—Ç—è –±—ã –Ω–µ–¥–µ–ª—é –≤ –º–µ—Å—è—Ü",–ù–µ—É–¥–æ–±–Ω—ã–π —Å—Ç—É–ª,"–ß—Ç–æ —Ö–æ—Ç–µ–ª–æ—Å—å –±—ã:
1. –ë—Ä–∞—Ç—å –æ—Ç–ø—É—Å–∫ —Ç–æ–≥–¥–∞, –∫–æ–≥–¥–∞ —è —Ö–æ—á—É, —Ö–æ—Ç—è –±—ã –ª–µ—Ç–æ–º. –ó–∏–º–Ω–∏–π –ø—É—Å—Ç—å –æ—Å—Ç–∞–µ—Ç—Å—è.
2. –ë—Ä–∞—Ç—å –Ω–µ—Å–∫–æ–ª—å–∫–æ –¥–Ω–µ–π –≤ –Ω–µ–¥–µ–ª—é –∏ —Ä–∞–±–æ—Ç–∞—Ç—å —É–¥–∞–ª–µ–Ω–Ω–æ. –•–æ—Ç—è –±—ã –¥–∞–∂–µ —Å –∫–∞–∫–∏–º-—Ç–æ –ª–∏–º–∏—Ç–æ–º. –Ø —Ö–æ—Ç–µ–ª –±—ã —É–µ—Ö–∞—Ç—å –≤ –¥—Ä—É–≥–æ–π –≥–æ—Ä–æ–¥ –Ω–∞ –Ω–µ–¥–µ–ª—é, –Ω–æ –ø—Ä–∏ —ç—Ç–æ–º –¥–æ–±—Ä–æ—Å–æ–≤–µ—Å—Ç–Ω–æ —Ä–∞–±–æ—Ç–∞—Ç—å. –ò–ª–∏ –≤ —á–µ—Ç–≤–µ—Ä–≥ –≤–µ—á–µ—Ä–æ–º —É–µ—Ö–∞—Ç—å –±–µ–∑ –ø—Ä–æ–±–æ–∫ –∑–∞ –≥–æ—Ä–æ–¥, –æ–¥–∏–Ω –¥–µ–Ω—å –ø–æ—Ä–∞–±–æ—Ç–∞—Ç—å —É–¥–∞–ª–µ–Ω–Ω–æ. 
3. –û—Ä–≥–∞–Ω–∏–∑–∞—Ü–∏—è –∏–ª–∏ –∫–æ–º–ø–µ–Ω—Å–∞—Ü–∏—è –ø–∏—Ç–∞–Ω–∏—è. –°—Ç–æ–ª–æ–≤–∫–∞ –≤–Ω–∏–∑—É —É–±–æ–≥–∞—è, —Å —Ç–∞—Ä–∞–∫–∞–Ω–∞–º–∏. –ó–∞–∫–∞–∑—ã–≤–∞—Ç—å —á—Ç–æ-—Ç–æ –∫–∞–∂–¥—ã–π –¥–µ–Ω—å –æ—á–µ–Ω—å –Ω–∞–∫–ª–∞–¥–Ω–æ
4. –ó–æ–Ω–∞ —Ä–∞–∑–≤–ª–µ—á–µ–Ω–∏–π –≤ –æ—Ñ–∏—Å–µ (–Ω–∞—Å—Ç–æ–ª—å–Ω—ã–π —Ñ—É—Ç–±–æ–ª / –±–∏–ª—å—è—Ä–¥)
5. –ó–∞ –ø–æ—Å–ª–µ–¥–Ω–∏–π –≥–æ–¥ —Ü–µ–Ω—ã –Ω–∞ —Å–ø–æ—Ä—Ç–∑–∞–ª –≤—ã—Ä–æ—Å–ª–∏ –≤ 1.5 - 2 —Ä–∞–∑–∞, –∞ –∫–æ–º–ø–µ–Ω—Å–∞—Ü–∏—è —Ç–∞–∫ –∏ –æ—Å—Ç–∞–ª–∞—Å—å 19–∫
6. –ü—Ä–æ–≤–æ–¥–∏—Ç—å –∫–æ–º–ø–∞–Ω–∏–µ–π –≤—ã–ª–∞–∑–∫–∏ –≤ –±–∞—Ä / –ø–æ—Å–∏–¥–µ–ª–∫–∏ –≤ –æ—Ñ–∏—Å–µ –ø–æ—Å–ª–µ —Ä–∞–±–æ—Ç—ã
7. –ß—Ç–æ–±—ã –æ–±–Ω–æ–≤–ª—è–ª–∏ –ø–æ—Ä—Ç–∞–ª –ø–æ—á–∞—â–µ)"
2022-12-02 12:52:15,–†–µ—Å–ø–æ–Ω–¥–µ–Ω—Ç 113,–ù–µ—Ç,–î–∞,–î–∞,–î–∞,–î–∞,–î–∞,–î–∞,–î–∞,–î–∞,–î–∞,–î–∞,–ù–µ—Ç,–î–∞,–ù–µ—Ç,–î–∞,–î–∞,–î–∞,–î–∞,–ù–µ—Ç,–î–∞,–î–∞,–î–∞,–î–∞,"–û—á–µ–Ω—å —Ö–æ—á–µ—Ç—Å—è –∫–æ–º–Ω–∞—Ç—É –∑–¥–æ—Ä–æ–≤—å—è). –î–ª—è –º–∞–ª–µ–Ω—å–∫–∏—Ö –¥–≤—É—Ö-—Ç—Ä—ë—Ö-–º–∏–Ω—É—Ç–Ω—ã—Ö —Ä–∞–∑–º–∏–Ω–æ–∫ –Ω–µ—Å–∫–æ–ª—å–∫–æ —Ä–∞–∑ –≤ –¥–µ–Ω—å  :3 
–†–µ–±—è—Ç–∞ –ø–æ–π–º—É—Ç –æ —á—ë–º —è, —É–∂–µ –ø–æ–¥—Ö–æ–¥–∏–ª –ª–∏—á–Ω–æ.",–ú–Ω–æ–≥–æ free –ø–µ—á–µ–Ω–µ–∫ - –º–∞–ª–æ free –±—Ä–æ–∫–∫–æ–ª–∏ :D,–ù–µ—Ç,"–ö–∞–º–∞ - —Ç–æ–ø –≤ –ú–æ—Å–∫–≤–µ, –†–∞–π–∞–Ω –ì–æ—Å–ª–∏–Ω–≥ - —Ç–æ–ø –≤ –ì–æ–ª–∏–≤—É–¥–µ. –î–ª—è –≤—Å–µ–≥–æ –æ—Å—Ç–∞–ª—å–Ω–æ–≥–æ –µ—Å—Ç—å –º–∞—Å—Ç–µ—Ä–∫–∞—Ä–¥ (–º–∏—Ä*)).  
–ö—Ç–æ —Å–æ–≥–ª–∞—Å–µ–Ω, –ø–ª–æ—Ç–Ω—ã–π —Å–∞–ª–∞–º. "
2022-12-05 12:02:24,–†–µ—Å–ø–æ–Ω–¥–µ–Ω—Ç 156,–î–∞,–î–∞,–î–∞,–î–∞,–î–∞,–î–∞,–î–∞,–î–∞,–î–∞,–î–∞,–î–∞,–î–∞,–î–∞,–ù–µ—Ç,–î–∞,–î–∞,–ù–µ—Ç,–î–∞,–î–∞,–î–∞,–î–∞,–î–∞,–î–∞,,,,
2022-12-02 13:23:58,–†–µ—Å–ø–æ–Ω–¥–µ–Ω—Ç 49,–ù–µ—Ç,–ù–µ—Ç,–ù–µ—Ç,–î–∞,–î–∞,–î–∞,–î–∞,–î–∞,–î–∞,–ù–µ—Ç,–ù–µ—Ç,–î–∞,–î–∞,–ù–µ—Ç,–î–∞,–î–∞,–ù–µ—Ç,–î–∞,–ù–µ—Ç,–ù–µ—Ç,–î–∞,–î–∞,–î–∞,,"–°—Ç—Ä–∞–Ω–∞ –ø—Ä–µ–±—ã–≤–∞–Ω–∏—è, –Ω–æ–≤—ã–π –æ—Ñ–∏—Å (–Ω–µ —Å–∞–º –æ—Ñ–∏—Å, –∞ –ø–æ—Ç–µ—Ä—è –ø–ª—é—à–µ–∫ –∏–∑ —Å—Ç–∞—Ä–æ–≥–æ), –Ω–∞—Å—Ç—É–ø–∏–≤—à–∏–π —Ö–∞–æ—Å –≤ –ø—Ä–æ—Ü–µ—Å—Å–∞—Ö.",,"–£–∂–∞—Å–Ω—ã–π –æ–ø—Ä–æ—Å. –ù–æ –Ω–µ —Å–º–æ—Ç—Ä—è –Ω–∞ –æ–±—â–∏–π –Ω–µ–≥–∞—Ç–∏–≤–Ω—ã–π –ø–æ—Å—ã–ª –ø—Ä–µ–¥—ã–¥—É—â–∏—Ö –æ—Ç–≤–µ—Ç–æ–≤, —Ö–æ—Ç–µ–ª–æ—Å—å –±—ã –ø–æ–ª–æ–∂–∏—Ç–µ–ª—å–Ω–æ –æ—Ç–º–µ—Ç–∏—Ç—å –ø–æ–¥–¥–µ—Ä–∂–∫—É –≤–æ –≤—Ä–µ–º—è –º–æ–±–∏–ª–∏–∑–∞—Ü–∏–∏ –∏ —Å–≤—è–∑–∞–Ω–Ω–æ–π —Å –Ω–µ–π –∏—Å—Ç–µ—Ä–∏–∫–æ–π. –Æ—Ä–∏–¥–∏—á–µ—Å–∫–æ–π –∏ –ø—Å–∏—Ö–æ–ª–æ–≥–∏—á–µ—Å–∫–æ–π. –í—Å—ë –±—ã–ª–æ —Å–≤–æ–µ–≤—Ä–µ–º–µ–Ω–Ω–æ –∏ –æ–ø–µ—Ä–∞—Ç–∏–≤–Ω–æ. –¢–∞–∫–∂–µ –ø–æ–ª–æ–∂–∏—Ç–µ–ª—å–Ω–æ –æ—Ç–º–µ—á—É –≥–æ—Ç–æ–≤–Ω–æ—Å—Ç—å –∫–æ–º–ø–∞–Ω–∏–∏ –Ω–µ –±—Ä–æ—Å–∞—Ç—å —Ç–µ—Ö, –∫—Ç–æ —Ä–µ—à–∏–ª —É–µ—Ö–∞—Ç—å, –∞ –¥–æ—Å—Ç—É–ø–Ω—ã–º–∏ —Å–ø–æ—Å–æ–±–∞–º–∏ –ø—Ä–æ–¥–æ–ª–∂–∞—Ç—å —Å–æ—Ç—Ä—É–¥–Ω–∏—á–µ—Å—Ç–≤–æ.
–í –±—É–¥—É—â–µ–º —Ö–æ—Ç–µ–ª–æ—Å—å –±—ã, —á—Ç–æ–±—ã –æ–ø—Ä–æ—Å –±—ã–ª –ø–æ–ª–Ω–æ—Å—Ç—å—é –Ω–µ–ø–µ—Ä—Å–æ–Ω–∏—Ñ–∏—Ü–∏—Ä–æ–≤–∞–Ω–Ω—ã–º."
2022-12-05 11:33:02,–†–µ—Å–ø–æ–Ω–¥–µ–Ω—Ç 55,–î–∞,–î–∞,–î–∞,–î–∞,–î–∞,–î–∞,–î–∞,–î–∞,–î–∞,–î–∞,–î–∞,–î–∞,–î–∞,–î–∞,–î–∞,–î–∞,–î–∞,–î–∞,–î–∞,–î–∞,–î–∞,–î–∞,–î–∞,,,,
2022-12-02 13:11:42,–†–µ—Å–ø–æ–Ω–¥–µ–Ω—Ç 118,–î–∞,–î–∞,–î–∞,–î–∞,–î–∞,–î–∞,–î–∞,–î–∞,–î–∞,–î–∞,–î–∞,–î–∞,–î–∞,–ù–µ—Ç,–î–∞,–î–∞,–î–∞,–î–∞,–î–∞,–î–∞,–î–∞,–î–∞,–î–∞,"–ó–∞ –ø–æ—Å–ª–µ–¥–Ω–∏–µ 2 –≥–æ–¥–∞... –Ø –ø–µ—Ä–µ—à–µ–ª –∏–∑ –æ–¥–Ω–æ–≥–æ –æ—Ç–¥–µ–ª–∞ –≤ –¥—Ä—É–≥–æ–π, –∫–∞—Ä—å–µ—Ä–Ω–æ –ø–æ—à–µ–ª –≤–≤–µ—Ä—Ö, –∏ –Ω–∞—á–∞–ª —É—Å–∏–ª–µ–Ω–Ω–æ —Ä–∞–∑–≤–∏–≤–∞—Ç—å—Å—è.","–ù–æ–≤—ã–π –æ—Ñ–∏—Å, –µ—Å–ª–∏ —á–µ—Å—Ç–Ω–æ. –°–µ—Ä—ã–π –∏ –±–µ–∑–¥—É—à–Ω—ã–π. ",–ù–µ—Ç.,
2022-11-30 16:55:31,–†–µ—Å–ø–æ–Ω–¥–µ–Ω—Ç 11,–î–∞,–î–∞,–î–∞,–ù–µ—Ç,–î–∞,–ù–µ—Ç,–î–∞,–î–∞,–î–∞,–î–∞,–î–∞,–ù–µ—Ç,–î–∞,–ù–µ—Ç,–ù–µ—Ç,–ù–µ—Ç,–ù–µ—Ç,–î–∞,–î–∞,–î–∞,–î–∞,–î–∞,–î–∞,,"–ü—Ä–µ–¥–ª–∞–≥–∞—é –¥–æ–±–∞–≤–ª—è—Ç—å —Ñ–æ—Ç–æ –∏–º–µ–Ω–∏–Ω–Ω–∏–∫–æ–≤ –≤ —á–∞—Ç—ã –î–†. –ò–Ω–æ–≥–¥–∞ –ø—Ä–æ—Å—Ç–æ –∏–º–µ–Ω–∏ –Ω–µ –¥–æ—Å—Ç–∞—Ç–æ—á–Ω–æ, —á—Ç–æ–± –≤—Å–ø–æ–º–Ω–∏—Ç—å —á–µ–ª–æ–≤–µ–∫–∞, –æ—Å–æ–±–µ–Ω–Ω–æ, –µ—Å–ª–∏ –Ω–µ–¥–∞–≤–Ω–æ –Ω–∞—á–∞–ª —Ä–∞–±–æ—Ç–∞—Ç—å –≤ –∫–æ–º–ø–∞–Ω–∏–∏.","–°–∫–æ—Ä–æ—Å—Ç—å –∑–∞–∫—É–ø–∫–∏ –Ω—É–∂–Ω—ã—Ö –ø—Ä–æ–≥—Ä–∞–º–º/–ø–ª–∞–≥–∏–Ω–æ–≤ –∏ –ø—Ä.: –∫–æ–≥–¥–∞ –Ω–∞—á–∏–Ω–∞—é –ø—Ä–æ–µ–∫—Ç –∏ –ø–æ–Ω–∏–º–∞—é, —á—Ç–æ –¥–ª—è –Ω–µ–≥–æ –Ω—É–∂–µ–Ω –æ–ø—Ä–µ–¥–µ–ª–µ–Ω–Ω—ã–π —Å–æ—Ñ—Ç, –ø—Ä–∏—Ö–æ–¥–∏—Ç—Å—è –∂–¥–∞—Ç—å –¥–æ—Å—Ç–∞—Ç–æ—á–Ω–æ –¥–æ–ª–≥–æ, —á—Ç–æ–± —Ç–µ–±–µ –µ–≥–æ –ø—Ä–∏–æ–±—Ä–µ–ª–∏, –∏ —ç—Ç–æ –º–æ–∂–µ—Ç —Å–∏–ª—å–Ω–æ —Å–∫–∞–∑–∞—Ç—å—Å—è –Ω–∞ –≤—ã–ø–æ–ª–Ω–µ–Ω–∏–∏ –∑–∞–¥–∞—á–∏",
2022-11-30 16:46:10,–†–µ—Å–ø–æ–Ω–¥–µ–Ω—Ç 48,–î–∞,–î–∞,–ù–µ—Ç,–î–∞,–î–∞,–ù–µ—Ç,–î–∞,–î–∞,–î–∞,–î–∞,–î–∞,–ù–µ—Ç,–î–∞,–ù–µ—Ç,–î–∞,–ù–µ—Ç,–ù–µ—Ç,–î–∞,–î–∞,–ù–µ—Ç,–î–∞,–î–∞,–î–∞,,,,
2022-12-02 15:03:55,–†–µ—Å–ø–æ–Ω–¥–µ–Ω—Ç 108,–î–∞,–î–∞,–î–∞,–î–∞,–î–∞,–î–∞,–î–∞,–î–∞,–î–∞,–î–∞,–î–∞,–î–∞,–î–∞,–ù–µ—Ç,–î–∞,–î–∞,–î–∞,–î–∞,–ù–µ—Ç,–î–∞,–î–∞,–î–∞,–î–∞,–ú–Ω–æ–≥–æ –≤—Å—è–∫–æ–≥–æ,–°–ª–æ–∂–Ω–æ —Å–∫–∞–∑–∞—Ç—å,"–ó–∞–≤–∏—Å–∏–º–æ—Å—Ç—å –æ—Ç —Ä–∞–±–æ—Ç—ã –∞–Ω–∏–º–∞—Ç–æ—Ä–æ–≤, –∑–≤—É–∫–æ–≤–∏–∫–æ–≤ –∏ —Å–µ—Ä–≤–µ—Ä–∞",
2022-11-30 23:01:09,–†–µ—Å–ø–æ–Ω–¥–µ–Ω—Ç 94,–î–∞,–î–∞,–î–∞,–ù–µ—Ç,–ù–µ—Ç,–ù–µ—Ç,–ù–µ—Ç,–î–∞,–ù–µ—Ç,–î–∞,–ù–µ—Ç,–ù–µ—Ç,–ù–µ—Ç,–ù–µ—Ç,–ù–µ—Ç,–ù–µ—Ç,–ù–µ—Ç,–ù–µ—Ç,–î–∞,–î–∞,–ù–µ—Ç,–ù–µ—Ç,–î–∞,,,,
2022-11-30 17:08:34,–†–µ—Å–ø–æ–Ω–¥–µ–Ω—Ç 66,–î–∞,–î–∞,–î–∞,–î–∞,–î–∞,–ù–µ—Ç,–î–∞,–î–∞,–î–∞,–î–∞,–î–∞,–ù–µ—Ç,–ù–µ—Ç,–ù–µ—Ç,–ù–µ—Ç,–ù–µ—Ç,–ù–µ—Ç,–î–∞,–î–∞,–î–∞,–î–∞,–î–∞,–î–∞,–¢—Ä—É–¥–æ—É—Å—Ç—Ä–æ–π—Å—Ç–≤–æ –≤ –ö–∞–º—É,"–û—Ç—Å—É—Ç—Å—Ç–≤–∏–µ –≤–æ–∑–º–æ–∂–Ω–æ—Å—Ç–∏ —Ä–∞–±–æ—Ç—ã —É–¥–∞–ª–µ–Ω–Ω–æ, –ù–û –º–Ω–µ –Ω—Ä–∞–≤–∏—Ç—Å—è —Ä–∞–±–æ—Ç–∞—Ç—å –∏ –≤ –æ—Ñ–∏—Å–µ",–Ω–µ—Ç,
2022-11-30 17:56:53,–†–µ—Å–ø–æ–Ω–¥–µ–Ω—Ç 80,–î–∞,–î–∞,–î–∞,–î–∞,–î–∞,–î–∞,–î–∞,–î–∞,–î–∞,–î–∞,–î–∞,–î–∞,–î–∞,–î–∞,–ù–µ—Ç,–î–∞,–î–∞,–î–∞,–ù–µ—Ç,–î–∞,–î–∞,–î–∞,–î–∞,"–î–ú–°, —Ç—Ä–µ–Ω–∏–Ω–≥–∏, –Ø—Å–Ω–æ, –∞–Ω–≥–ª–∏–π—Å–∫–∏–π. ","–ù–∞—á–∏–Ω–∞–µ—Ç—Å—è –±—é—Ä–æ–∫—Ä–∞—Ç–∏—è, –∫–æ—Ç–æ—Ä–∞—è –±–æ–ª—å—à–µ –ø—É—Ç–∞–µ—Ç, —á–µ–º –ø–æ–º–æ–≥–∞–µ—Ç","–í—ã—à–µ—Å—Ç–æ—è—â–∏–µ –∫–æ–ª–ª–µ–≥–∏, —á–µ–π –∞–ø–ø—Ä—É–≤ –Ω—É–∂–µ–Ω, –Ω–æ –¥–æ –Ω–∏—Ö –Ω–µ–≤–æ–∑–º–æ–∂–Ω–æ –¥–æ—Å—Ç—É—á–∞—Ç—å—Å—è. ","–ë—ã–ª–æ –±—ã –∫—Ä—É—Ç–æ, –µ—Å–ª–∏ –±—ã –°–æ–Ω—è –∑–¥–æ—Ä–æ–≤–∞–ª–∞—Å—å –ø—Ä–∏ –≤—Å—Ç—Ä–µ—á–µ –≤ –æ—Ç–≤–µ—Ç "
2022-11-30 17:11:58,–†–µ—Å–ø–æ–Ω–¥–µ–Ω—Ç 31,–î–∞,–î–∞,–î–∞,–î–∞,–î–∞,–î–∞,–î–∞,–î–∞,–î–∞,–î–∞,–î–∞,–î–∞,–î–∞,–î–∞,–ù–µ—Ç,–ù–µ—Ç,–î–∞,–î–∞,–î–∞,–î–∞,–î–∞,–î–∞,–î–∞,,,,
2022-12-05 12:58:09,–†–µ—Å–ø–æ–Ω–¥–µ–Ω—Ç 165,–î–∞,–î–∞,–î–∞,–î–∞,–î–∞,–î–∞,–î–∞,–î–∞,–î–∞,–î–∞,–î–∞,–î–∞,–î–∞,–î–∞,–î–∞,–î–∞,–ù–µ—Ç,–î–∞,–î–∞,–î–∞,–î–∞,–î–∞,–î–∞,,,,
2022-12-02 12:50:58,–†–µ—Å–ø–æ–Ω–¥–µ–Ω—Ç 114,–î–∞,–î–∞,–î–∞,–î–∞,–î–∞,–ù–µ—Ç,–î–∞,–î–∞,–î–∞,–î–∞,–î–∞,–ù–µ—Ç,–î–∞,–î–∞,–ù–µ—Ç,–ù–µ—Ç,–ù–µ—Ç,–î–∞,–î–∞,–î–∞,–î–∞,–î–∞,–î–∞,"1. –ü–æ–≤—ã—à–µ–Ω–∏–µ –∑–∞—Ä–ø–ª–∞—Ç—ã
2. –ü–µ—Ä–µ—Ö–æ–¥ –≤ –¥—Ä—É–≥—É—é –≥—Ä—É–ø–ø—É —Ä–∞–∑—Ä–∞–±–æ—Ç–∫–∏",,,
2022-11-30 16:46:15,–†–µ—Å–ø–æ–Ω–¥–µ–Ω—Ç 50,–î–∞,–î–∞,–ù–µ—Ç,–î–∞,–î–∞,–î–∞,–î–∞,–î–∞,–î–∞,–î–∞,–î–∞,–ù–µ—Ç,–î–∞,–î–∞,–î–∞,–ù–µ—Ç,–ù–µ—Ç,–î–∞,–î–∞,–î–∞,–î–∞,–î–∞,–î–∞,,,,
2022-12-02 15:19:21,–†–µ—Å–ø–æ–Ω–¥–µ–Ω—Ç 71,–î–∞,–î–∞,–î–∞,–î–∞,–î–∞,–î–∞,–î–∞,–î–∞,–î–∞,–î–∞,–î–∞,–î–∞,–î–∞,–î–∞,–ù–µ—Ç,–î–∞,–ù–µ—Ç,–î–∞,–î–∞,–î–∞,–î–∞,–î–∞,–î–∞,–ü–µ—Ä–µ–µ–∑–¥,–û—Ç—Å—É—Ç—Å—Ç–≤–∏–µ —É–¥–∞–ª–µ–Ω–Ω–æ–π —Ä–∞–±–æ—Ç—ã,–Ω–µ—Ç,"–•–æ—Ç–µ–ª–æ—Å—å –±—ã, —á—Ç–æ–±—ã –≤ —Å—Ç–æ–ª–æ–≤–æ–π(–∫—É—Ö–Ω–µ) –∑–≤—É—á–∞–ª–∞ –º—É–∑—ã–∫–∞, –∫–∞–∫ –≤ –ø—Ä–æ—à–ª–æ–º –æ—Ñ–∏—Å–µ :)"
2022-12-02 16:04:59,–†–µ—Å–ø–æ–Ω–¥–µ–Ω—Ç 139,–î–∞,–î–∞,–î–∞,–î–∞,–î–∞,–î–∞,–î–∞,–î–∞,–î–∞,–î–∞,–î–∞,–î–∞,–î–∞,–ù–µ—Ç,–ù–µ—Ç,–î–∞,–î–∞,–î–∞,–î–∞,–î–∞,–î–∞,–î–∞,–î–∞,"–Ø –±–ª–∞–≥–æ–¥–∞—Ä–Ω–∞ –ö–∞–º–µ –∑–∞ –≤—Å–µ, —á—Ç–æ –ø—Ä–æ–∏—Å—Ö–æ–¥–∏—Ç –≤ —Ä–∞–±–æ—á–∏—Ö –∏ –≤–Ω—É—Ç—Ä–µ–Ω–Ω–∏—Ö, –≤–Ω–µ—Ä–∞–±–æ—á–∏—Ö, –ø—Ä–æ—Ü–µ—Å—Å–∞—Ö –∫–∞–∂–¥—ã–π –¥–µ–Ω—å. –ì–æ–¥ –ø—Ä–æ–ª–µ—Ç–µ–ª –±—ã—Å—Ç—Ä–æ, –Ω–æ –∏ –Ω–∞—É—á–∏–ª –º–Ω–æ–≥–æ–º—É. –û—â—É—â–∞—é —Å–æ–±—Å—Ç–≤–µ–Ω–Ω—ã–π —Ä–æ—Å—Ç (—á–µ–º –Ω–µ –∏–∑–º–µ–Ω–µ–Ω–∏—è). –°–∫—Ä–æ–º–Ω–æ –ø–æ–ª–∞–≥–∞—é, —á—Ç–æ –≤ –¥–∞–ª—å–Ω–µ–π—à–µ–º —ç—Ç–æ —Å—Ç–∞–Ω–µ—Ç –æ—á–µ–≤–∏–¥–Ω—ã–º –∏ –≤–µ—Å–æ–º—ã–º –∏ –¥–ª—è –º–æ–µ–π –∫–æ–º–∞–Ω–¥—ã, –º–æ–∏—Ö —Ä—É–∫–æ–≤–æ–¥–∏—Ç–µ–ª–µ–π. –ï—Å–ª–∏ –≥–æ–≤–æ—Ä–∏—Ç—å –æ –≤–Ω–µ—à–Ω–µ–º, —Ç–æ –∏–∑–º–µ–Ω–∏–ª–∏—Å—å –ø—Ä–æ—Ü–µ—Å—Å –Ω–∞–π–º–∞, –∫–ª–∏–º–∞—Ç –≤–Ω—É—Ç—Ä–∏ –æ—Ç–¥–µ–ª–æ–≤, –ø—Ä–æ–∑—Ä–∞—á–Ω–æ—Å—Ç—å  –ø—Ä–æ—Ü–µ—Å—Å–æ–≤ –¥–ª—è —Å–æ—Ç—Ä—É–¥–Ω–∏–∫–æ–≤. –Ø —Å–ª—ã—à—É –ø–æ–ª–æ–∂–∏—Ç–µ–ª—å–Ω—ã–µ  –æ—Ç–∑—ã–≤—ã –ø–æ—Ä–æ–π –æ—Ç –∫–æ–ª–ª–µ–≥, –æ—Ç –ª–∏–¥–æ–≤ - –∏ —ç—Ç–æ –≥—Ä–µ–µ—Ç –¥—É—à—É. –î–∞, –Ω–µ –±–µ–∑ –Ω—é–∞–Ω—Å–æ–≤ –∏ —Å–æ–ø—Ä–æ—Ç–∏–≤–ª–µ–Ω–∏—è —á–∞—Å—Ç–∏ –∫–æ–º–∞–Ω–¥—ã, –Ω–æ —ç—Ç–æ –Ω–æ—Ä–º–∞–ª—å–Ω–æ –≤ –±–æ–ª—å—à–æ–π –∫–æ–º–ø–∞–Ω–∏–∏ –∏ –∑–¥–æ—Ä–æ–≤–æ–º –æ—Ä–≥–∞–Ω–∏–∑–º–µ.","–ó–∞–ø—Ä–µ—Ç –Ω–∞ –Ω–∞–π–º –¥–µ–≤—É—à–µ–∫. –ù–æ, —è –ø—Ä–∏–º–∏—Ä—è—é—Å—å —Å —ç—Ç–∏–º, –ø–æ–ª–∞–≥–∞—è, —á—Ç–æ –≤—Ä–µ–º—è –≤—Å–µ —Ä–∞—Å—Å—Ç–∞–≤–∏—Ç –ø–æ –º–µ—Å—Ç–∞–º.",–≠—Ç–æ —Ä–µ—Å—É—Ä—Å: –ø—Å–∏—Ö–∏—á–µ—Å–∫–∏–π –∏ –≤—Ä–µ–º–µ–Ω–Ω–æ–π. –†–∞–±–æ—á–∏–π –¥–µ–Ω—å –ø—Ä–æ–ª–µ—Ç–∞–µ—Ç –æ—á–µ–Ω—å –±—ã—Å—Ç—Ä–æ. –ü–æ –ø—Ä–æ—Ü–µ—Å—Å–∞–º - –º—ã –Ω–∞ –ø—É—Ç–∏ –∫ –∏–∑–º–µ–Ω–µ–Ω–∏—è–º –∏ —ç—Ç–æ –Ω—é–∞–Ω—Å—ã.,"–†–µ–±—è—Ç, –º—ã - –∫–ª–∞—Å—Å–Ω—ã–µ! –û–±–Ω–∏–º–∞—é!"
2022-11-30 16:45:41,–†–µ—Å–ø–æ–Ω–¥–µ–Ω—Ç 41,–î–∞,–î–∞,–î–∞,–î–∞,–î–∞,–î–∞,–î–∞,–î–∞,–î–∞,–î–∞,–î–∞,–î–∞,–î–∞,–î–∞,–î–∞,–î–∞,–î–∞,–î–∞,–î–∞,–î–∞,–î–∞,–î–∞,–î–∞,,,,
2022-12-07 08:52:49,–†–µ—Å–ø–æ–Ω–¥–µ–Ω—Ç 10,–î–∞,–î–∞,–î–∞,–î–∞,–î–∞,–î–∞,–î–∞,–î–∞,–î–∞,–î–∞,–î–∞,–î–∞,–î–∞,–î–∞,–ù–µ—Ç,–î–∞,–î–∞,–î–∞,–î–∞,–î–∞,–î–∞,–î–∞,–î–∞,"–°—Ä–∞–≤–Ω–µ–Ω–∏–µ —Ç–µ–∫—É—â–∏—Ö –º–æ–º–µ–Ω—Ç–æ–≤ –∏ –º–æ–º–µ–Ω—Ç–æ–≤ —Ä–∞–±–æ—á–∏—Ö –≤ –ø—Ä–æ—à–ª–æ–º –≥–æ–¥—É, —ç—Ç–æ —Å–æ–≤—Å–µ–º –æ–±–Ω–æ–≤–ª–µ–Ω–Ω–∞—è –≤–µ—Ä—Å–∏—è, –î–Ω–∏ —Ä–æ–∂–¥–µ–Ω–∏—è, –ø—Ä–∏–±–∞–≤–∫–∞ –∫ –∑–ø, –Ω–æ–≤—ã–µ –≤–µ—Ä—Å–∏–∏ –∏–≥—Ä—ã, –Ω–æ–≤—ã–µ —Ñ–ª–æ—É, —ç—Ç–æ –≤—Å—ë –æ—á–µ–Ω—å –∫—Ä—É—Ç–æ","–û —Ç–∞–∫–æ–º –Ω–µ –∑–∞–¥—É–º—ã–≤–∞–ª—Å—è, –≤—Å–µ–≥–¥–∞ –≤–∏–∂—É —Ç–æ–ª—å–∫–æ –ø–ª—é—Å—ã",–ù–µ—Ç,–£ –Ω–∞—Å –æ—á–µ–Ω—å –∫—Ä—É—Ç–∞—è –∫–æ–º–ø–∞–Ω–∏—è –∏ —è —Ä–∞–¥ —Ä–∞–±–æ—Ç–∞—Ç—å —Å –≤–∞–º–∏ <3
2022-11-30 17:38:22,–†–µ—Å–ø–æ–Ω–¥–µ–Ω—Ç 7,–î–∞,–î–∞,–ù–µ—Ç,–ù–µ—Ç,–î–∞,–î–∞,–ù–µ—Ç,–î–∞,–î–∞,–î–∞,–î–∞,–î–∞,–î–∞,–î–∞,–î–∞,–ù–µ—Ç,–î–∞,–î–∞,–î–∞,–î–∞,–î–∞,–î–∞,–î–∞,–ù–∏–∫–∞–∫–∏—Ö,"- –ö–æ–º–∞–Ω–¥–∞ –î–ì–í–ì –∂–∏–≤–µ—Ç –≤ —Å–≤–æ–µ–º –º–∏—Ä–µ –∏ –ø–æ —Å–≤–æ–∏–º –∑–∞–∫–æ–Ω–∞–º, –æ—á–µ–Ω—å —Å–ª–æ–∂–Ω–æ –≤—ã—Å—Ç—Ä–æ–∏—Ç—å –∫–æ–º–º—É–Ω–∏–∫–∞—Ü–∏—é –∏ –≤—ã–ø–æ–ª–Ω–∏—Ç—å –∑–∞–¥–∞—á–∏ –º–∞–∫—Å–∏–º–∞–ª—å–Ω–æ –ø–æ–¥—Ö–æ–¥—è—â–∏–º–∏ –∏–Ω—Å—Ç—Ä—É–º–µ–Ω—Ç–∞–º–∏ –≤ –∫—Ä–∞—Ç—á–∞–π—à–∏–µ —Å—Ä–æ–∫–∏
- –û—Ç–Ω–æ—à–µ–Ω–∏–µ –∫–æ–º–ø–∞–Ω–∏–∏ –∫ —É–¥–∞–ª–µ–Ω–∫–µ
- –ü–µ—Ä–µ–µ–∑–¥
",,
2022-12-01 11:46:54,–†–µ—Å–ø–æ–Ω–¥–µ–Ω—Ç 96,–î–∞,–î–∞,–î–∞,–î–∞,–î–∞,–î–∞,–î–∞,–î–∞,–î–∞,–î–∞,–î–∞,–î–∞,–î–∞,–î–∞,–î–∞,–î–∞,–î–∞,–î–∞,–î–∞,–î–∞,–î–∞,–î–∞,–î–∞,,,"–£–∂–∞—Å–Ω—ã–µ –ª–∏—Ñ—Ç—ã, –æ—Å—Ç–∞–Ω–∞–≤–ª–∏–≤–∞—é—â–∏–µ—Å—è –Ω–∞ –∫–∞–∂–¥–æ–º —ç—Ç–∞–∂–µ –∏–ª–∏ —É–µ–∑–∂–∞—é—â–∏–µ –∫—É–¥–∞ –Ω–µ –Ω–∞–¥–æ, —Ö–æ—Ç—è –∫–Ω–æ–ø–∫–∞ ""5"" –∏–ª–∏ ""1"" –±—ã–ª–∞ –Ω–∞–∂–∞—Ç–∞",
2022-12-05 13:14:47,–†–µ—Å–ø–æ–Ω–¥–µ–Ω—Ç 155,–î–∞,–î–∞,–î–∞,–î–∞,–î–∞,–î–∞,–î–∞,–î–∞,–î–∞,–î–∞,–î–∞,–ù–µ—Ç,–î–∞,–ù–µ—Ç,–ù–µ—Ç,–î–∞,–ù–µ—Ç,–î–∞,–î–∞,–î–∞,–î–∞,–î–∞,–î–∞,"1. –†–∞—Å—à–∏—Ä–µ–Ω–∏–µ —à—Ç–∞—Ç–∞
2. –ò–Ω–¥–µ–∫—Å–∞—Ü–∏—è
3. –†–∞—Å—à–∏—Ä–µ–Ω–∏–µ –æ—Ñ–∏—Å–∞
4. –î–æ–±–∞–≤–ª–µ–Ω–∏–µ —Å–µ—Ä–≤–∏—Å–∞ –Ø—Å–Ω–æ —Å –ø—Ä–∞–∫—Ç–∏—á–µ—Å–∫–∏ –ø–æ–ª–Ω–æ–π –∫–æ–º–ø–µ–Ω—Å–∞—Ü–∏–µ–π –≤ –æ–ø–ª–∞—Ç–µ",–ù–µ –º–æ–≥—É –ø–æ–∫–∞ –æ—Ç–≤–µ—Ç–∏—Ç—å,"1. –ù–µ—Å–æ–≥–ª–∞—Å–æ–≤–∞–Ω–Ω–æ—Å—Ç—å –º–µ–∂–¥—É –≤—ã—Å—à–∏–º —Ä—É–∫–æ–≤–æ–¥—Å—Ç–≤–æ–º –∏ –ü–ú
2. –°—Ç–∞—Ä–∞—è –ø—Ä–æ–±–ª–µ–º–∞ —Å –Ω–µ–∞–∫—Ç—É–∞–ª–∏–∑–∞—Ü–∏–µ–π –∑–∞–¥–∞—á
3. –ë–µ–≥–æ—Ç–Ω—è –∑–∞ –Ω–æ–≤—ã–º–∏ —Ñ–∏—á–∞–º–∏ –∏ –∏–≥–Ω–æ—Ä–∏—Ä–æ–≤–∞–Ω–∏–µ —Ç–µ–∫—É—â–∏—Ö –ø—Ä–æ–±–ª–µ–º –ø—Ä–æ–µ–∫—Ç–∞ –∏ —Ñ–ª–æ—É –≤ –∫–æ–º–∞–Ω–¥–µ","1. –ö–æ–º–ø–∞–Ω–∏—è –Ω–µ –¥–∞–µ—Ç –≤–æ–∑–º–æ–∂–Ω–æ—Å—Ç—å –≥–∏–±—Ä–∏–¥–Ω–æ–π —Ä–∞–±–æ—Ç—ã
2. –û—Ç—Å—É—Ç—Å—Ç–≤–∏–µ –≥–æ–¥–æ–≤—ã—Ö –ø—Ä–µ–º–∏–π
"
2022-11-30 17:35:00,–†–µ—Å–ø–æ–Ω–¥–µ–Ω—Ç 54,–î–∞,–î–∞,–î–∞,–î–∞,–î–∞,–î–∞,–î–∞,–î–∞,–î–∞,–î–∞,–î–∞,–î–∞,–î–∞,–î–∞,–ù–µ—Ç,–î–∞,–î–∞,–î–∞,–î–∞,–î–∞,–î–∞,–î–∞,–î–∞,"–≠—Ç–æ—Ç –≥–æ–¥ –±—ã–ª –±–µ–¥–µ–Ω –Ω–∞ —Ä–∞–¥–æ—Å—Ç–∏, –Ω–µ –≤—Ä–µ–º—è —É–ª—ã–±–∞—Ç—å—Å—è.",- –û—Ç—Å—É—Ç—Å—Ç–≤–∏–µ –∫—É—Ä–∏–ª–∫–∏,"–æ—Ç—Å—É—Ç—Å—Ç–≤–∏–µ –∫—É—Ä–∏–ª–∫–∏. –º–Ω–æ–≥–∏–µ –≤–æ–ø—Ä–æ—Å—ã —Ä–∞–Ω—å—à–µ —Ä–µ—à–∞–ª–∏—Å—å –≤–æ –≤—Ä–µ–º—è –ø–µ—Ä–µ–∫—É—Ä–∞ –∑–∞ –ø—è—Ç—å –º–∏–Ω—É—Ç, –∞ —Ç–µ–ø–µ—Ä—å –ø—Ä–∏—Ö–æ–¥–∏—Ç—Å—è —Ç—Ä–∞—Ç–∏—Ç—å –º–Ω–æ–≥–æ –≤—Ä–µ–º–µ–Ω–∏ –Ω–∞ —Ç–æ —á—Ç–æ–±—ã –≤—ã–π—Ç–∏ –∏ –∑–∞–π—Ç–∏, –∑–∞ —ç—Ç–æ –≤—Ä–µ–º—è —É—Å–ø–µ–≤–∞–µ—à—å –≤—ã–ø–∞—Å—Ç—å –∏–∑ –ø–æ—Ç–æ–∫–∞ –º—ã—Å–ª–µ–π.",
2022-12-02 19:34:34,–†–µ—Å–ø–æ–Ω–¥–µ–Ω—Ç 151,–î–∞,–î–∞,–î–∞,–î–∞,–î–∞,–ù–µ—Ç,–î–∞,–î–∞,–î–∞,–î–∞,–î–∞,–î–∞,–î–∞,–î–∞,–î–∞,–î–∞,–î–∞,–î–∞,–î–∞,–î–∞,–î–∞,–ù–µ—Ç,–î–∞,,,–ù–µ—Å–ø–µ—à–Ω–æ–µ —Ä–µ—à–µ–Ω–∏–µ –≤–æ–ø—Ä–æ—Å–æ–≤ –Ω–µ–∫–æ—Ç–æ—Ä—ã–º–∏ –∫–æ–ª–ª–µ–≥–∞–º–∏,
2022-12-02 15:46:11,–†–µ—Å–ø–æ–Ω–¥–µ–Ω—Ç 136,–î–∞,–î–∞,–î–∞,–î–∞,–î–∞,–î–∞,–î–∞,–î–∞,–î–∞,–î–∞,–î–∞,–î–∞,–î–∞,–ù–µ—Ç,–î–∞,–î–∞,–ù–µ—Ç,–î–∞,–î–∞,–î–∞,–î–∞,–î–∞,–î–∞,–ù–æ–≤–∞—è –∑–∞—Ä–ø–ª–∞—Ç–∞. –ù–æ–≤—ã–π –æ—Ñ–∏—Å. –ù–æ–≤—ã–µ –ª—é–¥–∏.,—Ç–æ —á—Ç–æ –Ω–µ—Ç —Ç—É—Ä–Ω–∏–∫–∞(–ø–æ–≤–∏—Å–µ—Ç—å) –∏ –æ—Ç—Å—É—Ç—Å—Ç–≤–∏–µ –∫—É—Ä–∏–ª–∫–∏.,–∫–æ–≥–¥–∞ –º–Ω–æ–≥–æ –ª–∏—à–Ω–∏—Ö –ø—Ä–∞–≤–æ–∫,–í—Å—ë –æ—Ç–ª–∏—á–Ω–æ –≤ —Ü–µ–ª–æ–º)
2022-11-30 19:19:06,–†–µ—Å–ø–æ–Ω–¥–µ–Ω—Ç 88,–î–∞,–î–∞,–î–∞,–î–∞,–î–∞,–î–∞,–ù–µ—Ç,–î–∞,–î–∞,–î–∞,–î–∞,–î–∞,–î–∞,–î–∞,–î–∞,–î–∞,–î–∞,–î–∞,–î–∞,–î–∞,–î–∞,–ù–µ—Ç,–î–∞,–ù–æ–≤—ã–π –æ—Ñ–∏—Å!,–í—Å–µ –æ–∫,–ù–µ—Ç,
2022-11-30 17:10:45,–†–µ—Å–ø–æ–Ω–¥–µ–Ω—Ç 69,–î–∞,–ù–µ—Ç,–ù–µ—Ç,–ù–µ—Ç,–ù–µ—Ç,–ù–µ—Ç,–î–∞,–î–∞,–î–∞,–î–∞,–ù–µ—Ç,–î–∞,–î–∞,–ù–µ—Ç,–î–∞,–ù–µ—Ç,–ù–µ—Ç,–î–∞,–î–∞,–î–∞,–î–∞,–î–∞,–ù–µ—Ç,"–ü—Ä–æ—Å—Ç–æ—Ä–Ω—ã–π –æ—Ñ–∏—Å, –ø—Ä–æ—Å—Ç–æ—Ä–Ω–æ–µ —Ä–∞–±–æ—á–µ–µ –º–µ—Å—Ç–æ",–ü—Ä–æ–¥—É–∫—Ç,–ù–µ—Ç,
2022-11-30 18:14:17,–†–µ—Å–ø–æ–Ω–¥–µ–Ω—Ç 84,–î–∞,–î–∞,–î–∞,–î–∞,–î–∞,–î–∞,–î–∞,–î–∞,–î–∞,–î–∞,–î–∞,–î–∞,–î–∞,–î–∞,–î–∞,–ù–µ—Ç,–î–∞,–î–∞,–î–∞,–î–∞,–î–∞,–î–∞,–î–∞,,,,
2022-12-02 20:36:48,–†–µ—Å–ø–æ–Ω–¥–µ–Ω—Ç 153,–î–∞,–î–∞,–î–∞,–î–∞,–î–∞,–î–∞,–î–∞,–î–∞,–î–∞,–î–∞,–î–∞,–î–∞,–ù–µ—Ç,–ù–µ—Ç,–î–∞,–î–∞,–î–∞,–î–∞,–ù–µ—Ç,–î–∞,–î–∞,–î–∞,–î–∞,–ñ–∏—Ç—å —Å—Ç–∞–ª–æ –≤–µ—Å–µ–ª–µ–µ.,"–í–µ—á–Ω–∞—è –ø–µ—Ä–µ—Å—Ç—Ä–æ–π–∫–∞. –û–Ω–∞ —Å 90—Ö –Ω–µ –∑–∞–∫–æ–Ω—á–∏–ª–∞—Å—å.
–ó–¥–µ—Å—å —Ä–µ–º–æ–Ω—Ç, —Ç–∞–º —à–ø–∞—Ç–µ–ª—å –ø–µ—Ä–µ–¥–∞–π - —É–∂–∞—Å!",Unity.,"–û—Ç–ª–∏—á–Ω—ã–π –æ–ø—Ä–æ—Å, –ø–æ—á–∞—â–µ –±—ã —Ç–∞–∫ –ø—Ä–æ–≤–æ–¥–∏—Ç—å –≤—Ä–µ–º—è! ))0)00))))"
2022-11-30 17:20:55,–†–µ—Å–ø–æ–Ω–¥–µ–Ω—Ç 68,–î–∞,–î–∞,–î–∞,–î–∞,–î–∞,–î–∞,–î–∞,–î–∞,–î–∞,–î–∞,–î–∞,–î–∞,–î–∞,–î–∞,–î–∞,–ù–µ—Ç,–ù–µ—Ç,–î–∞,–î–∞,–î–∞,–î–∞,–î–∞,–î–∞,,–í—Å–µ —Å—Ç—É—á–∞—Ç –Ω–∞ –≤—Å–µ—Ö,–û—Ç—Å—É—Ç—Å—Ç–≤–∏–µ –æ—Ç–≤–µ—Ç—Å—Ç–≤–µ–Ω–Ω–æ—Å—Ç–∏ –æ—Ç–¥–µ–ª—å–Ω—ã—Ö –∫–æ–ª–ª–µ–≥,–°–ø–∞—Å–∏–±–æ –≤–∞–º –∑–∞ —Ä–∞–±–æ—Ç—É!
2022-12-01 12:31:55,–†–µ—Å–ø–æ–Ω–¥–µ–Ω—Ç 99,–î–∞,–î–∞,–î–∞,–î–∞,–î–∞,–î–∞,–î–∞,–î–∞,–î–∞,–î–∞,–ù–µ—Ç,–ù–µ—Ç,–î–∞,–ù–µ—Ç,–ù–µ—Ç,–ù–µ—Ç,–ù–µ—Ç,–î–∞,–î–∞,–î–∞,–î–∞,–î–∞,–î–∞,-,–æ—Ç—Å—É—Ç—Å—Ç–≤–∏–µ –≥–∏–±—Ä–∏–¥–Ω–æ–≥–æ –≥—Ä–∞—Ñ–∏–∫–∞ —Ä–∞–±–æ—Ç—ã ,-,
2022-11-30 16:53:45,–†–µ—Å–ø–æ–Ω–¥–µ–Ω—Ç 5,–î–∞,–î–∞,–î–∞,–î–∞,–î–∞,–ù–µ—Ç,–î–∞,–î–∞,–î–∞,–î–∞,–î–∞,–î–∞,–î–∞,–î–∞,–î–∞,–î–∞,–î–∞,–î–∞,–î–∞,–î–∞,–î–∞,–î–∞,–î–∞,"–ö–æ–º–∞–Ω–¥–∞ —Ä–∞—Å—à–∏—Ä–∏–ª–∞—Å—å —Ö–æ—Ä–æ—à–∏–º–∏ —Ä–µ–±—è—Ç–∞–º–∏.
–ö–∞–º–∞–∫–æ–Ω—Ñ —Ö–æ—Ä–æ—à–æ –ø—Ä–æ—à–µ–ª.
–ú—ã —Å—Ç–∞–ª–∏ –±–æ–ª–µ–µ —Å—Ç—Ä—É–∫—Ç—É—Ä–∏—Ä–æ–≤–∞–Ω–Ω—ã–º–∏","–û—Ç—Å—É—Ç—Å—Ç–≤–∏–µ –∫–æ–≤—Ä–∞ –Ω–∞ —Å—Ç–µ–Ω–µ –≤ –æ—Ç–¥–µ–ª–µ –∞–Ω–∞–ª–∏—Ç–∏–∫–∏.
–û—Ç—Å—É—Ç—Å—Ç–≤–∏–µ –º—ã–ª–∞ –Ω–∞ –±–æ–ª—å—à–æ–π –∫—É—Ö–Ω–µ.
–ö–æ—Ñ–µ–ø–æ–π–Ω—Ç –æ–∫–æ–ª–æ –∞–Ω–∞–ª–∏—Ç–∏–∫–∏ –≤–æ–Ω—è–µ—Ç.
–ö–æ—Ñ–µ —Ç–æ –∫–ª–∞—Å—Å–Ω—ã–π, —Ç–æ –ø–µ—Ä–µ–∂–∞—Ä–µ–Ω–Ω—ã–π.","–û–ø—Ä–æ—Å—ã, –∫–æ—Ç–æ—Ä—ã–µ –Ω–µ –æ—Ç–ø—Ä–∞–≤–ª—è—é—Ç—Å—è —Å –ø–µ—Ä–≤–æ–≥–æ —Ä–∞–∑–∞",–ò –≤—Å–µ-—Ç–∞–∫–∏ –≤ –ó–∞–º–æ—Å–∫–≤–æ—Ä–µ—á—å–µ –±—ã–ª–æ —É–¥–æ–±–Ω–µ–µ
2022-11-30 16:44:57,–†–µ—Å–ø–æ–Ω–¥–µ–Ω—Ç 46,–î–∞,–î–∞,–î–∞,–î–∞,–î–∞,–î–∞,–î–∞,–î–∞,–î–∞,–î–∞,–î–∞,–î–∞,–î–∞,–î–∞,–ù–µ—Ç,–î–∞,–ù–µ—Ç,–ù–µ—Ç,–ù–µ—Ç,–î–∞,–î–∞,–î–∞,–î–∞,,,,
2022-12-02 13:12:46,–†–µ—Å–ø–æ–Ω–¥–µ–Ω—Ç 130,–î–∞,–î–∞,–î–∞,–î–∞,–ù–µ—Ç,–ù–µ—Ç,–î–∞,–î–∞,–î–∞,–î–∞,–î–∞,–î–∞,–ù–µ—Ç,–ù–µ—Ç,–ù–µ—Ç,–î–∞,–ù–µ—Ç,–î–∞,–î–∞,–î–∞,–ù–µ—Ç,–î–∞,–î–∞,–ü–µ—Ä–µ–µ–∑–¥,–ù–µ–∫–æ—Ç–æ—Ä—ã–µ —Å–æ—Ç—Ä—É–¥–Ω–∏–∫–∏ –Ω–µ –≥–æ—Ç–æ–≤—ã –∫ –∏–∑–º–µ–Ω–µ–Ω–∏—è–º.,–ù–µ—Ç,–°–ø–∞—Å–∏–±–æ –∑–∞ –æ–ø—Ä–æ—Å.
2022-11-30 17:26:25,–†–µ—Å–ø–æ–Ω–¥–µ–Ω—Ç 29,–î–∞,–î–∞,–î–∞,–î–∞,–î–∞,–î–∞,–î–∞,–ù–µ—Ç,–î–∞,–î–∞,–î–∞,–ù–µ—Ç,–î–∞,–î–∞,–ù–µ—Ç,–ù–µ—Ç,–î–∞,–î–∞,–î–∞,–î–∞,–î–∞,–î–∞,–î–∞,,"–ù–µ–≥–∞—Ç–∏–≤–Ω–æ–µ –æ—Ç–Ω–æ—à–µ–Ω–∏–µ –∫ —É–¥–∞–ª–µ–Ω–∫–µ. 
–†–∞–Ω–µ–µ —è –ø–æ—á—Ç–∏ 4 –≥–æ–¥–∞ –ø—Ä–æ—Ä–∞–±–æ—Ç–∞–ª –Ω–∞ –ö–∞–º—É –≤ –∫–∞—á–µ—Å—Ç–≤–µ –∞—É—Ç—Å–æ—Ä—Å–µ—Ä–∞ –∏ –±—ã–ª–æ –≤—Å–µ —Ö–æ—Ä–æ—à–æ, –Ω–∞—Ä–µ–∫–∞–Ω–∏–π –º–æ—è —Ä–∞–±–æ—Ç–∞ –Ω–µ –≤—ã–∑—ã–≤–∞–ª–∞. –ü—Ä–∏ –ø–µ—Ä–µ–≤–æ–¥–µ –Ω–∞ –Ω–æ–≤—É—é –¥–æ–ª–∂–Ω–æ—Å—Ç—å –æ—Å–Ω–æ–≤–Ω—ã–º —É—Å–ª–æ–≤–∏–µ–º –±—ã–ª –ø–µ—Ä–µ–µ–∑–¥ –≤ –ú–æ—Å–∫–≤—É –∏ —Ä–∞–±–æ—Ç–∞ –∏–∑ –æ—Ñ–∏—Å–∞, –≥–¥–µ –Ω–∞ —Å–∞–º–æ–º –¥–µ–ª–µ –æ—á–µ–Ω—å –∫–ª–∞—Å—Å–Ω–æ —Ä–∞–±–æ—Ç–∞—Ç—å –∏–∑-–∑–∞ –∫–æ–ª–ª–µ–∫—Ç–∏–≤–∞, –Ω–æ —Ç–∞–∫ –∫–∞–∫ –∂–∏–∑–Ω—å –≤ –º—Å–∫ –¥–æ—Ä–æ–≥–∞—è (–≤ –ø–ª–∞–Ω–µ –∂–∏–ª—å—è) —ç—Ç–æ –≤—ã–∑—ã–≤–∞–µ—Ç –Ω–µ–∫–æ—Ç–æ—Ä—ã–µ —Ç—Ä—É–¥–Ω–æ—Å—Ç–∏. –¢–æ –µ—Å—Ç—å –ø—Ä–∏ –ø–µ—Ä–µ–≤–æ–¥–µ –∑–ø –Ω–µ –≤—ã—Ä–æ—Å–ª–∞ —á—Ç–æ–±—ã —Å–∏–ª—å–Ω–æ, –æ—Ç–Ω–æ—Å–∏—Ç–µ–ª—å–Ω–æ –≤ —Ä–∞–∑—ã —É–≤–µ–ª–∏—á–∏–≤—à–∏—Ö—Å—è —Ä–∞—Å—Ö–æ–¥–æ–≤ –Ω–∞ –∂–∏–ª—å–µ. ",–û—Ç–≤–µ—Ç –≤ –ø—Ä–µ–¥—ã–¥—É—â–µ–º –≤–æ–ø—Ä–æ—Å–µ. ,
2022-12-02 15:11:50,–†–µ—Å–ø–æ–Ω–¥–µ–Ω—Ç 44,–î–∞,–î–∞,–î–∞,–î–∞,–î–∞,–î–∞,–î–∞,–î–∞,–ù–µ—Ç,–î–∞,–î–∞,–î–∞,–î–∞,–î–∞,–î–∞,–î–∞,–î–∞,–î–∞,–î–∞,–î–∞,–î–∞,–ù–µ—Ç,–î–∞,,–û—Ñ–∏—Å,–ù–µ—Ç,"""–í–æ–ø—Ä–æ—Å ‚Ññ20: –Ø –Ω–∏–∫–æ–≥–¥–∞ –Ω–µ –ø—Ä–æ–ø—É—Å–∫–∞—é —Å–æ–æ–±—â–µ–Ω–∏—è –æ—Ç –∫–æ–ª–ª–µ–≥ –∏–ª–∏ —Ä—É–∫–æ–≤–æ–¥–∏—Ç–µ–ª—è"" - —è –¥—É–º–∞—é –ø—Ä–∞–≤–∏–ª—å–Ω–µ–π –±—ã–ª–æ –±—ã –Ω–∞–ø–∏—Å–∞—Ç—å ""–ü–æ—á—Ç–∏ –Ω–∏–∫–æ–≥–¥–∞"", –∏–Ω–∞—á–µ –≤ —á—ë–º —Å–º—ã—Å–ª –≤–æ–ø—Ä–æ—Å–∞

–í –Ω–µ–∫–æ—Ç–æ—Ä—ã—Ö –≤–æ–ø—Ä–æ—Å–∞—Ö —Å–∏–ª—å–Ω–æ –Ω–µ —Ö–≤–∞—Ç–∞–µ—Ç –≤–∞—Ä–∏–∞–Ω—Ç–∞ –æ—Ç–≤–µ—Ç–∞ - ""–ó–∞—Ç—Ä—É–¥–Ω—è—é—Å—å –æ—Ç–≤–µ—Ç–∏—Ç—å"""
2022-12-01 13:58:51,–†–µ—Å–ø–æ–Ω–¥–µ–Ω—Ç 103,–î–∞,–î–∞,–ù–µ—Ç,–î–∞,–î–∞,–ù–µ—Ç,–î–∞,–î–∞,–î–∞,–î–∞,–ù–µ—Ç,–ù–µ—Ç,–ù–µ—Ç,–ù–µ—Ç,–ù–µ—Ç,–î–∞,–î–∞,–î–∞,–î–∞,–î–∞,–î–∞,–î–∞,–î–∞,–°–ø–∞—Å–∏–±–æ –±–æ–ª—å—à–æ–µ –°–æ–Ω–µ –∑–∞ –î–ú–° –∏ –Ø—Å–Ω–æ. –¢–∞–∫ —è —Å–µ–±—è —á—É–≤—Å—Ç–≤—É—é –≤ –±–æ–ª—å—à–µ–π –±–µ–∑–æ–ø–∞—Å–Ω–æ—Å—Ç–∏. –¢–∞–∫–∂–µ –º–Ω–µ –Ω—Ä–∞–≤–∏—Ç—Å—è —á—Ç–æ –≤ –Ω–∞—à–µ–º –æ—Ç–¥–µ–ª–µ —Å—Ç–∞–ª–∏ –±–æ–ª–µ–µ –ø—Ä–æ–∑—Ä–∞—á–Ω—ã–µ –ø—Ä–æ—Ü–µ—Å—Å—ã –∏ –æ–∂–∏–¥–∞–Ω–∏—è –æ—Ç –º–æ–µ–π —Ä–æ–ª–∏. –ü—Ä–æ—Ü–µ—Å—Å—ã –≤ –∫–æ–º–ø–∞–Ω–∏–∏ –ø–æ –æ—â—É—â–µ–Ω–∏—è–º —Å—Ç–∞–ª–∏ —Ç–∞–∫–∂–µ –±–æ–ª–µ–µ –ø—Ä–æ–∑—Ä–∞—á–Ω—ã–µ,"–ú–Ω–µ –Ω–µ –Ω—Ä–∞–≤–∏—Ç—Å—è —Ç–æ —á—Ç–æ –≤—Å–µ –µ—â–µ –º–Ω–æ–≥–æ ""–≤–Ω–µ–∑–∞–ø–Ω—ã—Ö"" —Å–º–µ–Ω –≤–µ–∫—Ç–æ—Ä–∞, —Å–ª–æ–∂–Ω–æ —á—É–≤—Å—Ç–≤–æ–≤–∞—Ç—å —Å–≤–æ—é —Ä–∞–±–æ—Ç—É –∑–Ω–∞—á–∏–º–æ –≤ —Ç–∞–∫–∏—Ö —Ä–µ–∞–ª–∏—è—Ö. –¢–∞–∫–∂–µ –º–Ω–µ –Ω–µ –Ω—Ä–∞–≤–∏—Ç—Å—è –Ω–µ–ø—Ä–æ–∑—Ä–∞—á–Ω–æ–µ –æ—Ç–Ω–æ—à–µ–Ω–∏–µ –∫ —É–¥–∞–ª–µ–Ω–Ω–æ–π —Ä–∞–±–æ—Ç–µ -- —è –Ω–µ –ø–æ–Ω–∏–º–∞—é –∏ —Å–∞–º–∞ –º–æ–∂–Ω–æ —ç—Ç–æ –∏–ª–∏ –Ω–µ–ª—å–∑—è, –∞ —Ç–∞–∫–∂–µ –Ω–µ –ø–æ–Ω–∏–º–∞—é —á—Ç–æ –æ—Ç–≤–µ—á–∞—Ç—å —Å–æ—Ç—Ä—É–¥–Ω–∏–∫–∞–º. ","–ù–µ—Ç, –≤—Å–µ —Ö–æ—Ä–æ—à–æ. –Ø —á—É–≤—Å—Ç–≤—É—é –ø–æ–¥–¥–µ—Ä–∂–∫—É –∏ —Å–æ —Å—Ç–æ—Ä–æ–Ω—ã –∫–æ–ª–ª–µ–≥ –∏–∑ –∫–æ–º–∞–Ω–¥—ã, –∏ —Å–æ —Å—Ç–æ—Ä–æ–Ω—ã —Ä—É–∫–æ–≤–æ–¥—Å—Ç–≤–∞","–Ø —Å—á–∏—Ç–∞—é –ö–∞–º–∞ –∑–∞ —ç—Ç–æ—Ç –≥–æ–¥ —Å–¥–µ–ª–∞–ª–∞ –æ–≥—Ä–æ–º–Ω—ã–π —à–∞–≥ –≤–ø–µ—Ä–µ–¥. –ú–Ω–µ –æ—á–µ–Ω—å –Ω—Ä–∞–≤—è—Ç—Å—è —ç—Ç–∏ –∏–∑–º–µ–Ω–µ–Ω–∏—è, –≤ —Ç–∞–∫–æ–π –∫–æ–º–ø–∞–Ω–∏–∏ –¥–∞–∂–µ —Ç–æ —á—Ç–æ –¥–æ–ª–≥–æ —Ä–∞–±–æ—Ç–∞–µ—à—å –Ω–µ –∫–∞–∂–µ—Ç—Å—è —Ä—É—Ç–∏–Ω–æ–π/–∑–∞—Å—Ç–æ–µ–º. –ù–µ—Å–º–æ—Ç—Ä—è –Ω–∞ —Ç–æ —á—Ç–æ —è –ø–∏—Å–∞–ª–∞ —á—Ç–æ –Ω–µ—Ä–µ–¥–∫–æ –±—ã–≤–∞–µ—Ç —Å–º–µ–Ω–∞ –≤–µ–∫—Ç–æ—Ä–∞, –≤ —Ç–æ –∂–µ –≤—Ä–µ–º—è —ç—Ç–æ –ø–æ–∑–≤–æ–ª—è–µ—Ç —á—É–≤—Å—Ç–≤–æ–≤–∞—Ç—å —á—Ç–æ —Ç—ã —Ä–∞–±–æ—Ç–∞–µ—à—å –≤ ""–∂–∏–≤–æ–π"" –∫–æ–º–ø–∞–Ω–∏–∏, –Ω–µ —É—Å—Ç–∞–≤–∞—Ç—å –æ—Ç —Ä–∞–±–æ—Ç—ã, —ç—Ç–æ –¥—Ä–∞–π–≤–∏—Ç. 
–ú–Ω–µ –Ω–µ –Ω—Ä–∞–≤–∏—Ç—Å—è –Ω–æ–≤—ã–π –æ—Ñ–∏—Å -- –Ω–æ —è –ø–æ–Ω–∏–º–∞—é —á—Ç–æ –æ–Ω –Ω–µ–æ–±—Ö–æ–¥–∏–º –¥–ª—è —Ä–∞—Å—à–∏—Ä–µ–Ω–∏—è, –æ–¥–Ω–∞–∫–æ –Ω–∞–¥–µ—é—Å—å —á—Ç–æ –æ–Ω –Ω–µ–Ω–∞–¥–æ–ª–≥–æ) –°—Ç—Ä–∞–Ω–Ω–æ —á—Ç–æ —Ç—É—Ç —É–±–∏—Ä–∞—é—Ç—Å—è —É–∂–µ –≤–æ –≤—Ä–µ–º—è —Ç–æ–≥–æ –∫–∞–∫ –º—ã —Ä–∞–±–æ—Ç–∞–µ–º, –∞ —Ç–∞–∫–∂–µ —á—Ç–æ –µ–∑–¥–∏—Ç —Ä–æ–±–æ—Ç- –ø—ã–ª–µ—Å–æ—Å, —Ç–∞–∫–∂–µ —Ç—É—Ç —à—É–º–Ω—ã–µ —Ç—É–∞–ª–µ—Ç—ã –∏ –ø–µ—Ä–µ–≥–æ–≤–æ—Ä–∫–∏, –≤ –∫–æ—Ç–æ—Ä—ã—Ö –ø–æ—Å—Ç–æ—è–Ω–Ω–æ –æ—Ç–≤–ª–µ–∫–∞–µ—à—å—Å—è –Ω–∞ –ø—Ä–æ—Ö–æ–¥—è—â–∏—Ö –ª—é–¥–µ–π. 
–Ø –ª—é–±–ª—é —Å–≤–æ—é –∫–æ–º–∞–Ω–¥—É –∏ —Ä–∞–±–æ—Ç—É -- —ç—Ç–æ —Ç–æ —á—Ç–æ –ø–æ–¥–¥–µ—Ä–∂–∏–≤–∞–µ—Ç –º–µ–Ω—è. –ò –Ω–µ –≤ –ø–æ—Å–ª–µ–¥–Ω—é—é –æ—á–µ—Ä–µ–¥—å –±–ª–∞–≥–æ–¥–∞—Ä—è –º–æ–µ–º—É —Ä—É–∫–æ–≤–æ–¥–∏—Ç–µ–ª—é, –∞ —Ç–∞–∫–∂–µ –ñ–µ–Ω–µ –ö –∏ –°–æ–Ω–µ. –í—ã –≤—Å–µ –∑–∞–º–µ—á–∞—Ç–µ–ª—å–Ω—ã–µ. –ò –Ω–æ–≤—ã–π –æ—Ç–¥–µ–ª HR —Ç–æ–∂–µ. "
2022-12-02 15:44:18,–†–µ—Å–ø–æ–Ω–¥–µ–Ω—Ç 141,–î–∞,–î–∞,–î–∞,–î–∞,–î–∞,–î–∞,–î–∞,–î–∞,–ù–µ—Ç,–î–∞,–î–∞,–î–∞,–î–∞,–ù–µ—Ç,–ù–µ—Ç,–ù–µ—Ç,–ù–µ—Ç,–î–∞,–î–∞,–ù–µ—Ç,–ù–µ—Ç,–ù–µ—Ç,–î–∞,,,,
2022-11-30 16:53:19,–†–µ—Å–ø–æ–Ω–¥–µ–Ω—Ç 33,–î–∞,–î–∞,–î–∞,–î–∞,–î–∞,–î–∞,–î–∞,–î–∞,–î–∞,–î–∞,–î–∞,–ù–µ—Ç,–î–∞,–ù–µ—Ç,–ù–µ—Ç,–ù–µ—Ç,–î–∞,–î–∞,–î–∞,–î–∞,–ù–µ—Ç,–ù–µ—Ç,–î–∞,–ø–µ—Ä–µ–µ–∑–¥ –≤ –Ω–æ–≤—ã–π –æ—Ñ–∏—Å, ,–Ω–µ—Ç,
2022-12-02 14:09:06,–†–µ—Å–ø–æ–Ω–¥–µ–Ω—Ç 133,–î–∞,–î–∞,–ù–µ—Ç,–ù–µ—Ç,–î–∞,–î–∞,–î–∞,–î–∞,–î–∞,–î–∞,–ù–µ—Ç,–ù–µ—Ç,–ù–µ—Ç,–ù–µ—Ç,–ù–µ—Ç,–ù–µ—Ç,–ù–µ—Ç,–î–∞,–ù–µ—Ç,–î–∞,–î–∞,–ù–µ—Ç,–ù–µ—Ç,—Å–ª–æ–∂–Ω–æ —Å–∫–∞–∑–∞—Ç—å,–æ—Ç–Ω–æ—à–µ–Ω–∏–µ –∫ —É–¥–∞–ª–µ–Ω–Ω—ã–º —Å–æ—Ç—Ä—É–¥–Ω–∏–∫–∞–º ,,
2022-12-02 13:30:52,–†–µ—Å–ø–æ–Ω–¥–µ–Ω—Ç 132,–î–∞,–î–∞,–î–∞,–î–∞,–î–∞,–ù–µ—Ç,–î–∞,–î–∞,–ù–µ—Ç,–î–∞,–ù–µ—Ç,–ù–µ—Ç,–î–∞,–î–∞,–î–∞,–î–∞,–ù–µ—Ç,–î–∞,–î–∞,–ù–µ—Ç,–ù–µ—Ç,–î–∞,–î–∞,"–î–ú–°, –Ω–æ–≤—ã–π –æ—Ñ–∏—Å, –∏–∑–º–µ–Ω–µ–Ω–∏—è –≤ –ø—Ä–µ–¥–æ—Å—Ç–∞–≤–ª–µ–Ω–∏–∏ DayOff –∏ Home Office. –ù–æ–≤—ã–µ –∫–æ–ª–ª–µ–≥–∏ –≤ –æ—Ç–¥–µ–ª–µ. –ò–Ω–∏—Ü–∏–∞—Ç–∏–≤–Ω—ã–π –æ—Ç–¥–µ–ª HR.
",–í–æ–∑–º–æ–∂–Ω–æ—Å—Ç—å —É–¥–∞–ª–µ–Ω–Ω–æ–π —Ä–∞–±–æ—Ç—ã —Å –∫–æ–º–ø–∞–Ω–∏–µ–π —Ç–æ–ª—å–∫–æ —á–µ—Ä–µ–∑ SolorStaff. –í –∫–æ—Ñ–µ–ø–æ–π–Ω—Ç–∞—Ö –Ω–µ—Ç –º–∏–∫—Ä–æ–≤–æ–ª–Ω–æ–≤–∫–∏. ,–ü–æ—Ä–æ–π –∂–¥—É –¥–æ–ª–≥–æ —Ñ–∏—Ç–±—ç–∫. –ò —É–¥–∞–ª–µ–Ω–Ω–æ—Å—Ç—å –∫—É—Ä–∏–ª–∫–∏),
2022-12-02 13:11:29,–†–µ—Å–ø–æ–Ω–¥–µ–Ω—Ç 129,–ù–µ—Ç,–î–∞,–î–∞,–î–∞,–î–∞,–î–∞,–î–∞,–î–∞,–î–∞,–î–∞,–î–∞,–î–∞,–î–∞,–ù–µ—Ç,–ù–µ—Ç,–î–∞,–î–∞,–î–∞,–î–∞,–î–∞,–î–∞,–ù–µ—Ç,–î–∞,"–¢–æ–ª—å–∫–æ –Ω–µ–¥–∞–≤–Ω–æ –≤—ã—à–µ–ª –Ω–∞ —Ä–∞–±–æ—Ç—É, –ø–æ—ç—Ç–æ–º—É –Ω–µ –º–æ–≥—É —Å–¥–µ–ª–∞—Ç—å –∫–∞–∫–æ–π-—Ç–æ —Å—Ä–∞–≤–Ω–∏—Ç–µ–ª—å–Ω—ã–π –∞–Ω–∞–ª–∏–∑","–ü–æ–∫–∞ –Ω–µ—Ç —Ç–∞–∫–∏—Ö –º–æ–º–µ–Ω—Ç–æ–≤, –≤—Å–µ —Å—É–ø–µ—Ä",–ù–µ—Ç,"–°–ø–∞—Å–∏–±–æ –∑–∞ –≤–∞—à—É —Ä–∞–±–æ—Ç—É, –æ–ø—Ä–æ—Å –æ—Ç–ª–∏—á–Ω—ã–π, –≤–æ–ø—Ä–æ—Å—ã –≤ —Ç–æ—á–∫—É.
–ü—Ä–æ–µ—Ü–∏—Ä—É—è –Ω–∞ –¥—Ä—É–≥–∏–µ –º–µ—Å—Ç–∞ —Ä–∞–±–æ—Ç—ã, –ø–æ–Ω–∏–º–∞—é —á—Ç–æ —Ç–∞–∫–∏—Ö –æ–ø—Ä–æ—Å–æ–≤ —Ç–∞–º –æ—á–µ–Ω—å –Ω–µ —Ö–≤–∞—Ç–∞–ª–æ"
2022-12-02 19:37:49,–†–µ—Å–ø–æ–Ω–¥–µ–Ω—Ç 149,–î–∞,–î–∞,–î–∞,–î–∞,–î–∞,–ù–µ—Ç,–î–∞,–î–∞,–î–∞,–î–∞,–ù–µ—Ç,–ù–µ—Ç,–ù–µ—Ç,–î–∞,–î–∞,–î–∞,–î–∞,–î–∞,–î–∞,–î–∞,–ù–µ—Ç,–î–∞,–î–∞,–Ø —Ç—É—Ç —Ç–æ–ª—å–∫–æ –º–µ—Å—è—Ü,–ù–µ—Ç —Ö–ª–µ–±–∞ –Ω–∞ –∫—É—Ö–Ω–µ,,
